FIPS,State_x,County,Unreliable,Deaths,YPLL Rate,95% CI - Low_x,95% CI - High_x,Z-Score,Sample Size_x,% Fair/Poor,95% CI - Low.1_x,95% CI - High.1_x,Z-Score.1,Sample Size.1,Physically Unhealthy Days,95% CI - Low.2_x,95% CI - High.2_x,Z-Score.2,Sample Size.2,Mentally Unhealthy Days,95% CI - Low.3_x,95% CI - High.3_x,Z-Score.3,Unreliable.1,LBW Births,Sample Size.3,% LBW,95% CI - Low.4_x,95% CI - High.4_x,Z-Score.4,Sample Size.4,% Smokers,95% CI - Low.5,95% CI - High.5,Z-Score.5,% Obese,95% CI - Low.6,95% CI - High.6,Z-Score.6,Physical Inactivity,95% CI - Low.7,95% CI - High.7,Z-Score.7,Sample Size.5,% Excessive Drinking,95% CI - Low.8,95% CI - High.8,Z-Score.8,Unreliable.2,Motor Vehicle Deaths,MV Mortality Rate,95% CI - Low.9,95% CI - High.9,Z-Score.9,Cases,"Rates per 100,000",Z-Score.10,Teen Births,Teen Population,Teen Birth Rate,95% CI - Low.10,95% CI - High.10,Z-Score.11,# Uninsured_x,% Uninsured_x,95% CI - Low.11,95% CI - High.11,Z-Score.12,# PCP,PCP Rate,PCP Ratio,# PCP.1,PCP Rate.1,PCP Ratio.1,Z-Score.13,# Medicare enrollees,ACSC Rate,95% CI - Low.12,95% CI - High.12,Z-Score.14,# Diabetics,% HbA1c,95% CI - Low.13,95% CI - High.13,Z-Score.15,# Medicare Enrollees,Mammography Rate,95% CI - Low.14,95% CI - High.14,Z-Score.16,AFGR,Z-Score.17,PSED Num,Population_x,PSED,95% CI - Low.15,95% CI - High.15,Z-Score.18,# Unemployed,Labor Force,% Unemployed,Z-Score.19,# Children in Poverty,% Children in Poverty,95% CI - Low.16,95% CI - High.16,Z-Score.20,Sample Size.6,% No Social-Emotional Support,95% CI - Low.17,95% CI - High.17,Z-Score.21,# Single-Parent Households,# Households,% Single-Parent Households,95% CI - Low.18,95% CI - High.18,Z-Score.22,Violent Crimes,Violent Crime Rate,Z-Score.23,PM Days,Z-Score.24,Ozone Days,Z-Score.25,Rec Facs,Rec Fac Rate,Z-Score.26,# Limited Access,% Limited Access,Z-Score.27,Zip Codes with Healthy Foods_x,# Zip Codes_x,% Healthy Foods_x,Z-Score.28,# Fast Foods,% Fast Foods,Z-Score.29,State_y,Population_y,< 18,65 and over,African American,American Indian/ Alaskan Native,Asian,Native Hawaiian/ Other Pacific Islander,Hispanic,Population.1,# not proficient in English,% not proficient in English,Female,Rural,% diabetic,95% CI - Low_y,95% CI - High_y,Population.2,HIV Rate,# MPH,MPH Rate,MPH Ratio,Costs,# Uninsured_y,% Uninsured_y,95% CI - Low.1_y,95% CI - High.1_y,Sample Size_y,% Couldn't Access,# Dentists,Dentist Rate,Dentist Ratio,Household Income,95% CI - Low.2_y,95% CI - High.2_y,# high housing costs,Households,% high housing costs,% Free lunch,% illiterate,95% CI - Low.3_y,95% CI - High.3_y,Homicide Rate,95% CI - Low.4_y,95% CI - High.4_y,# Drive Alone,Workers,% Drive Alone,Zip Codes with Healthy Foods_y,# Zip Codes_y,% Healthy Foods_y
6000.0,California,,,306593.0,5922.23,5895.378,5949.082,,68766.0,18.5,18.0,18.9,,68389.0,3.7,3.6,3.7,,68363.0,3.6,3.5,3.7,,,258432.0,3843469.0,6.7,6.7,6.7,,66928.0,14.0,13.6,14.5,,23.538620201,,,,18.462838911,,,,65438.0,17.0,16.5,17.4,,,29946.0,11.864789327,11.730405596,11.999173057,,146796.0,399.4,,357293.0,9018125.0,39.6,39.5,39.7,,6491176.0,20.1,19.861702128,20.338297872,,,94.206261604,1062:1,43203.0,118.1,847:1,,2285084.0,52.42527722,52.124821841,52.725732599,,249154.0,79.372998226,79.023167032,79.72282942,,172720.0,62.5,61.92884846,62.672152131,,74.4,,6267684.0,10525049.0,59.550164565,59.346535066,59.753794063,,2259948.0,18176237.0,12.4,,2012723.0,22.0,21.524848485,22.475151515,,57219.0,25.0,24.4,25.5,,2809662.0,9237416.0,30.416103378,30.135190274,30.697016482,,551194.0,499.85152561,,16.0,,51.0,,3341.0,9.0390952096,,1545621.0,4.56,,,,,,25843.0,48.940441246,,California,36961664.0,25.5,11.2,6.1,0.8,12.5,0.4,37.0,34092225.0,6768923.0,19.854741074,49.9,5.6,7.6508008703,,,,,19736.0,54.0,1853:1,8975.33,5616753.0,24.4,24.161702128,24.638297872,68800.0,14.9,,63.15417702,1583:1,57664.0,57250.618182,58077.381818,5830791.0,12392852.0,47.0496299,52.1,23.1,20.3,26.2,6.844,6.742,6.946,11870741.0,16271905.0,72.952374046,1269.0,1601.0,79.3
6001.0,California,Alameda,,12212.0,5689.66,5556.733,5822.587,-0.701891099,2964.0,15.1,13.3,17.1,-0.410654204,2941.0,3.1,2.7,3.4,-0.923403092,2945.0,3.4,3.0,3.7,-0.355414149,,10518.0,148737.0,7.1,6.9,7.2,1.0620814297,2890.0,11.9,10.3,13.9,-0.55707292,20.3,18.4,22.3,-1.192346012,16.5,15.0,18.1,-0.648043464,2826.0,18.8,16.7,21.0,0.2862424549,,844.0,8.2474420226,7.6910202451,8.8038638002,-1.277067152,6778.0,459.7,1.3177276964,9253.0,323873.0,28.6,28.0,29.2,-0.651063672,192959.0,14.6,13.885106383,15.314893617,-1.212057877,1869,127.11466709,787:1,2183.0,148.5,674:1,-0.843790287,77196.0,48.734498684,47.202405064,50.266592304,-0.220243913,8256.0,75.641957364,73.765871944,77.518042785,1.2529084508,5365.0,62.516309413,60.644087271,64.892683864,0.3666299578,74.7,0.186498012,312194.0,455300.0,68.5688557,,,-1.18142597,85521.0,755529.0,11.3,-0.722497528,57722.0,17.2,14.943030303,19.456969697,-0.740241587,2500.0,26.0,23.5,28.7,0.777133672,99800.0,335912.0,29.710162185,28.742376093,30.677948277,-0.192853533,36504.0,833.82367453,2.431201616,6.0,-0.255132071,10.0,-0.476129723,146.0,9.7889213547,0.1462228083,18328.0,1.29,-1.089035261,,,,,1072.0,45.136842105,-0.074492054,California,1491482.0,23.1,10.9,13.2,0.7,25.4,0.8,21.9,1380045.0,264131.0,19.139303429,50.5,0.6,7.2,6.4,8.1,1491482.0,381.58,1372.0,93.3,1072:1,8631.85,171539.0,17.6,16.646808511,18.553191489,2966.0,12.3,1167.0,80.16679089,1247:1,66937.0,65241.89697,68632.10303,244028.0,532026.0,45.867683158,31.6,18.5,11.9,28.3,10.006,9.393,10.619,461339.0,695938.0,66.290244246,45.0,49.0,91.8
6003.0,California,Alpine,,,,,,,,,,,,,,,,,,,,,,,,,,,,,,,,,,25.4,19.0,32.5,,19.9,14.1,26.7,,,,,,,x,,,,,,2.0,188.5,,,,,,,,150.0,16.8,14.774468085,18.825531915,,,,,,,,,,,,,,12.0,91.666666667,37.495128424,100.0,,,,,,,33.3,,173.0,237.0,72.995780591,6.514658387,100.0,,69.0,440.0,15.7,,77.0,29.2,20.528484848,37.871515152,,,,,,,161.0,307.0,52.442996743,25.678904019,79.207089467,,42.0,1256.356566,,0.0,,0.0,,0.0,0.0,,270.0,21.6,,,,,,2.0,100.0,,California,1041.0,21.1,13.8,0.7,24.6,0.4,0.1,11.9,1065.0,29.0,2.7230046948,46.7,100.0,9.4,7.1,12.3,,,0.0,0.0,1057:0,20259.83,125.0,18.6,16.09787234,21.10212766,,,0.0,0.0,1274:0,44241.0,39165.193939,49316.806061,132.0,410.0,32.195121951,0.0,8.2,3.8,15.2,,,,273.0,503.0,54.274353877,0.0,1.0,0.0
6005.0,California,Amador,,494.0,6915.98,5973.494,7858.466,0.0389363681,133.0,17.5,11.3,26.0,0.0042335485,132.0,4.2,2.7,5.7,0.4227628616,133.0,4.1,2.6,5.7,0.3120709599,,94.0,1964.0,4.8,3.8,5.7,-1.892477709,,,,,0.0,24.7,19.6,30.3,0.010741856,17.7,13.4,22.9,-0.249976547,131.0,15.2,7.8,27.7,-0.872134505,,67.0,25.178977433,19.149818135,31.20813673,0.8912662357,84.0,219.7,-0.462842182,184.0,7007.0,26.3,22.5,30.1,-0.804535489,4739.0,15.9,14.231914894,17.568085106,-0.843632769,22,57.925223802,1726:1,32.0,84.3,1187:1,0.5667904066,5561.0,45.80093444,40.089016844,51.512852036,-0.438351357,490.0,82.653061224,74.603216505,90.702905943,-0.674850704,435.0,70.804597701,62.440858837,78.141261974,-1.218664118,87.9,-1.36248323,4243.0,8474.0,50.070804815,43.93516948,56.206440149,0.6388514712,2336.0,17472.0,13.4,-0.169335358,1039.0,17.0,12.248484848,21.751515152,-0.768840089,118.0,13.0,7.6,21.5,-1.873898478,1458.0,6418.0,22.717357432,15.704014839,29.730700026,-1.487857605,388.0,332.71877546,-0.587974838,3.0,-0.526411742,18.0,-0.222797044,5.0,13.200971592,-0.518698363,16.0,0.05,-1.299536607,,,,,17.0,29.310344828,-1.887878866,California,37876.0,16.8,19.5,4.0,1.9,1.6,0.1,11.0,37022.0,940.0,2.5390308465,45.5,62.2,9.9,7.5,12.9,37876.0,97.755,24.0,63.2,1583:1,7447.32,4210.0,17.9,15.874468085,19.925531915,133.0,12.4,18.0,46.444421509,2153:1,49516.0,45126.787879,53905.212121,6096.0,14715.0,41.427115189,20.7,9.6,4.7,17.2,,,,11359.0,13802.0,82.299666715,5.0,8.0,62.5
6007.0,California,Butte,,2768.0,8636.58,8198.246,9074.914,1.0783614284,734.0,14.2,11.2,17.8,-0.566237112,729.0,4.3,3.5,5.1,0.5451415846,729.0,4.3,3.4,5.2,0.502780991,,1012.0,17121.0,5.9,5.6,6.3,-0.479427686,720.0,20.9,16.8,25.6,1.5713660681,24.8,21.3,28.3,0.0380847621,16.7,14.0,19.7,-0.581698978,708.0,16.9,13.2,21.5,-0.325123163,,301.0,20.035104698,17.771688395,22.298521002,0.2325172962,721.0,327.2,0.3347047426,1872.0,59038.0,31.7,30.3,33.1,-0.444210353,32858.0,17.9,16.470212766,19.329787234,-0.27682491,166,75.625390086,1322:1,226.0,103.0,971:1,0.1559203292,29736.0,65.422673953,62.532181666,68.313166241,1.0205045216,3099.0,80.348499516,77.192520051,83.504478981,-0.041193006,2313.0,65.629053178,61.89545751,68.452761017,-0.228741979,79.6,-0.3885026,31661.0,48898.0,64.749069492,61.910692891,67.587446092,-0.80554471,14587.0,104580.0,13.9,-0.03763008,11339.0,25.1,19.754545455,30.445454545,0.3893992479,641.0,19.3,15.3,24.1,-0.589167513,16246.0,45944.0,35.360438795,32.243911553,38.476966037,0.8535264926,2745.0,417.74908575,-0.075663921,7.0,-0.164705514,33.0,0.25220173,17.0,7.7070592129,0.5519244003,28096.0,14.23,1.1076481397,,,,,150.0,55.147058824,1.0724701998,California,220577.0,20.9,15.0,1.8,2.2,4.4,0.2,13.3,206404.0,12608.0,6.1084087518,50.8,18.1,8.8,7.2,10.5,220577.0,108.92,62.0,28.2,3540:1,8112.2,28981.0,21.0,19.093617021,22.906382979,734.0,15.7,129.0,59.318799461,1686:1,41168.0,38862.327273,43473.672727,37724.0,85465.0,44.139706313,44.4,11.1,5.3,19.8,3.727,2.751,4.703,65667.0,87034.0,75.449824207,13.0,16.0,81.3
6009.0,California,Calaveras,,610.0,6266.56,5479.973,7053.147,-0.353382255,155.0,14.2,8.4,23.0,-0.566237112,155.0,4.1,2.3,5.9,0.3003841385,153.0,2.9,1.7,4.2,-0.832189226,,158.0,2516.0,6.3,5.3,7.2,0.0344086856,,,,,0.0,26.1,20.9,32.0,0.3935425412,20.9,16.2,26.6,0.811535234,151.0,23.3,15.1,34.3,1.7342136551,,101.0,31.392782768,25.270333442,37.515232094,1.6870358602,44.0,93.9,-1.39615756,243.0,10603.0,22.9,20.0,25.8,-1.031406871,5826.0,15.7,14.15106383,17.24893617,-0.900313554,20,42.603953647,2347:1,31.0,66.0,1514:1,0.9688718192,7364.0,48.237351303,42.952113471,53.522589135,-0.257206303,608.0,84.046052632,76.758814826,91.333290437,-1.057864847,683.0,68.374816984,61.74911025,74.067393232,-0.753921961,89.2,-1.515034412,5280.0,8436.0,62.588904694,55.455764755,69.722044633,-0.592976409,3130.0,20087.0,15.6,0.4101678677,1573.0,18.3,12.954545455,23.645454545,-0.582949825,130.0,17.1,10.5,26.7,-1.037803723,2440.0,9178.0,26.585312704,18.461267622,34.709357787,-0.771547339,245.0,170.96641382,-1.562539091,1.0,-0.707264856,35.0,0.3155348998,7.0,14.979349896,-0.86525873,16.0,0.04,-1.301234199,,,,,24.0,36.363636364,-1.079718625,California,46731.0,19.1,19.1,1.3,1.7,1.6,0.1,10.4,44089.0,762.0,1.7283222573,50.3,82.0,8.8,6.6,11.2,46731.0,34.114,10.0,21.3,4694:1,6610.61,5076.0,17.9,15.993617021,19.806382979,,,17.0,36.74245699,2722:1,50745.0,46513.775758,54976.224242,7679.0,18794.0,40.858784719,25.7,8.6,4.2,15.5,,,,14220.0,18711.0,75.998075998,7.0,12.0,58.3
6011.0,California,Colusa,,185.0,6407.8,5269.373,7546.227,-0.268058301,,,,,0.0,55.0,3.8,2.0,5.5,-0.066752031,54.0,1.7,0.7,2.8,-1.976449413,,121.0,2505.0,4.8,4.0,5.7,-1.892477709,,,,,0.0,24.5,18.6,31.1,-0.043943956,17.5,12.3,23.3,-0.316321033,,,,,0.0,,33.0,22.884564708,15.076529599,30.692599816,0.5974327706,23.0,108.5,-1.287839559,285.0,5857.0,48.7,43.0,54.3,0.6901465569,4440.0,24.2,21.936170213,26.463829787,1.5086198459,7,33.089104231,3022:1,12.0,56.7,1763:1,1.1732082748,2104.0,86.757461874,73.939865973,99.575057776,2.6067237632,298.0,83.55704698,73.178430093,93.935663867,-0.923408827,177.0,65.536723164,53.210900179,76.886147058,-0.211082093,70.3,0.7028250926,2195.0,5511.0,39.829432045,33.729920042,45.928944048,1.6466408828,2431.0,11928.0,20.4,1.6745385425,1453.0,22.9,17.198181818,28.601818182,0.0748157244,,,,,0.0,2040.0,6090.0,33.497536946,24.203221462,42.791852429,0.5085339517,167.0,259.22821396,-1.030758322,2.0,-0.616838299,1.0,-0.761128988,0.0,0.0,2.0538327782,2403.0,13.03,0.9039371597,,,,,12.0,48.0,0.2535661814,California,21321.0,30.7,12.0,1.3,2.7,1.8,0.5,53.0,19350.0,4888.0,25.260981912,49.1,48.9,7.9,5.9,10.6,,,2.0,9.5,10578:1,7256.82,3618.0,30.2,27.221276596,33.178723404,,,3.0,14.234875445,7025:1,44981.0,40405.290909,49556.709091,2573.0,6972.0,36.904761905,54.3,33.8,19.5,50.7,,,,6057.0,8383.0,72.253369915,5.0,5.0,100.0
6013.0,California,Contra Costa,,8373.0,5364.52,5207.72,5521.32,-0.898310176,2342.0,14.9,12.7,17.3,-0.445228184,2330.0,3.4,2.9,3.8,-0.556266923,2332.0,3.6,3.1,4.0,-0.164704118,,6161.0,93122.0,6.6,6.5,6.8,0.4197859646,2285.0,13.0,10.9,15.4,-0.296930377,24.4,22.3,26.5,-0.071286862,17.6,15.9,19.3,-0.28314879,2240.0,18.6,16.3,21.1,0.2218881793,,663.0,9.3458115188,8.6344074818,10.057215556,-1.136404703,3388.0,329.0,0.3480590167,6009.0,244788.0,24.5,23.9,25.2,-0.924643868,121700.0,13.5,12.665957447,14.334042553,-1.523802199,1069,104.24549277,959:1,1323.0,129.0,775:1,-0.41534288,60067.0,50.683594697,48.881284267,52.485905126,-0.075330657,5298.0,79.407323518,77.007770371,81.806876665,0.217590872,4226.0,67.889256981,65.411924783,70.380909373,-0.661049299,81.4,-0.599727315,186600.0,277110.0,67.337880264,66.137620245,68.538140284,-1.06029338,58685.0,522374.0,11.2,-0.748838584,32851.0,12.7,10.799393939,14.600606061,-1.383707885,1994.0,21.1,18.6,23.8,-0.222101523,67648.0,257076.0,26.314397299,25.051793901,27.577000697,-0.821718418,13808.0,447.57710965,0.1040510804,6.0,-0.255132071,14.0,-0.349463384,128.0,12.292633831,-0.341686606,39501.0,4.21,-0.593338543,,,,,608.0,47.68627451,0.2176197773,California,1041274.0,24.9,12.2,9.7,0.8,14.1,0.5,23.2,957950.0,129593.0,13.52815909,50.7,2.1,7.4,6.5,8.4,1041274.0,197.49,607.0,59.2,1689:1,8733.0,104286.0,16.2,15.127659574,17.272340426,2344.0,9.8,769.0,76.202593861,1312:1,73678.0,71539.818182,75816.181818,173020.0,368087.0,47.005191707,26.6,12.3,7.1,20.3,8.683,7.997,9.369,327711.0,468171.0,69.998141705,36.0,37.0,97.3
6015.0,California,Del Norte,,409.0,10312.26,8982.243,11642.277,2.09065004,,,,,0.0,94.0,6.6,3.0,10.2,3.3598522155,93.0,5.5,2.2,8.8,1.6470411773,,118.0,2235.0,5.3,4.4,6.2,-1.250182244,,,,,0.0,27.4,21.3,34.1,0.7490003204,18.4,13.5,24.0,-0.017770845,91.0,10.3,4.2,23.2,-2.448814257,,60.0,30.08031444,22.468944724,37.691684155,1.51895489,47.0,161.5,-0.894630378,332.0,6643.0,50.0,44.6,55.4,0.776891497,5741.0,23.3,21.036170213,25.563829787,1.2535563094,22,76.195753818,1312:1,30.0,103.9,962:1,0.1361458335,3287.0,50.305466583,42.385827254,58.225105912,-0.103444088,418.0,84.449760766,75.639938592,93.259582939,-1.168867631,261.0,66.666666667,56.338026356,76.002073419,-0.427205457,71.1,0.6089474416,3707.0,7595.0,48.808426596,42.38842452,55.228428673,0.7630742127,1559.0,11695.0,13.3,-0.195676414,1830.0,30.6,22.403636364,38.796363636,1.1758580568,,,,,0.0,2701.0,6254.0,43.18835945,34.869527436,51.507191464,2.3031864615,308.0,353.45421161,-0.463043031,5.0,-0.345558628,0.0,-0.792795573,1.0,3.4347736484,1.3844833965,881.0,3.72,-0.676520527,,,,,16.0,45.714285714,-0.008329048,California,29114.0,21.9,13.4,4.5,7.2,2.8,0.1,16.7,26767.0,1171.0,4.3747898532,45.1,31.6,8.0,6.0,10.5,29114.0,138.61,23.0,79.7,1255:1,7742.97,5063.0,27.5,24.640425532,30.359574468,,,11.0,38.711947915,2583:1,35438.0,31811.406061,39064.593939,3993.0,9906.0,40.308903695,49.0,14.5,7.2,25.2,,,,6511.0,9089.0,71.636043569,2.0,4.0,50.0
6017.0,California,El Dorado,,1625.0,5409.12,5035.25,5782.99,-0.871367041,576.0,10.0,7.3,13.5,-1.292290679,576.0,2.6,1.9,3.2,-1.535296708,573.0,2.8,2.2,3.5,-0.927544242,,845.0,13082.0,6.5,6.0,6.9,0.2913268716,560.0,13.8,10.4,18.1,-0.107735801,21.0,17.5,24.6,-1.000945669,14.6,11.8,17.5,-1.278316084,553.0,19.0,14.3,24.7,0.3505967304,,171.0,14.084205428,11.973195057,16.1952158,-0.52958332,240.0,136.3,-1.081590215,856.0,43446.0,19.7,18.4,21.0,-1.244932877,19807.0,12.8,11.727659574,13.872340426,-1.72218495,142,80.22190962,1247:1,204.0,115.2,868:1,-0.112133946,16716.0,40.293418902,37.154440444,43.43239736,-0.847829396,1325.0,85.433962264,80.457010788,90.41091374,-1.439481715,1387.0,71.881759193,66.950784143,75.812656673,-1.42469191,84.0,-0.904829681,27648.0,40973.0,67.478583457,64.332204027,70.624962888,-1.074139101,11459.0,90822.0,12.6,-0.380063804,4717.0,11.6,8.6303030303,14.56969697,-1.540999647,506.0,15.3,11.1,20.7,-1.404869713,9898.0,41690.0,23.741904533,20.742671635,26.741137432,-1.298120766,1442.0,269.59872417,-0.968275596,4.0,-0.435985185,61.0,1.138866108,17.0,9.5266381615,0.1973350827,20566.0,13.3,0.9497721302,,,,,110.0,40.441176471,-0.612517492,California,178447.0,23.4,12.2,1.3,1.1,3.6,0.2,12.1,169191.0,7219.0,4.2667754195,49.8,36.8,7.5,6.0,9.4,178447.0,82.84,79.0,44.6,2241:1,7504.59,17005.0,15.1,13.670212766,16.529787234,576.0,12.7,137.0,77.098832825,1297:1,65201.0,61118.260606,69283.739394,30180.0,68394.0,44.126677779,17.3,7.2,3.4,13.1,2.718,1.791,3.645,62194.0,81721.0,76.105285055,10.0,19.0,52.6
6019.0,California,Fresno,,8384.0,7379.5,7188.733,7570.267,0.3189516557,1801.0,20.4,18.0,23.2,0.5055562498,1790.0,4.0,3.5,4.5,0.1780054154,1787.0,3.5,3.1,4.0,-0.260059133,,8076.0,112886.0,7.2,7.0,7.3,1.1905405227,1746.0,14.2,12.0,16.8,-0.013138512,29.4,26.5,32.4,1.2958584423,20.8,18.4,23.3,0.7783629909,1708.0,17.5,14.7,20.7,-0.132060336,,1219.0,19.887202528,18.770781739,21.003623317,0.2135762371,5416.0,595.7,2.3267172942,15360.0,251014.0,61.2,60.2,62.2,1.5242325199,175794.0,21.7,20.627659574,22.772340426,0.8001100223,728,80.608282501,1241:1,956.0,105.9,945:1,0.0922025097,56772.0,58.294003981,56.293199929,60.294808033,0.4904953404,7658.0,80.530164534,78.52024957,82.540079498,-0.091143257,4295.0,64.284051222,61.642522069,66.419385609,0.0285154375,66.9,1.1018051094,123286.0,244512.0,50.421247219,49.257673143,51.584821295,0.604366627,73601.0,438606.0,16.8,0.7262605364,104798.0,38.2,35.467878788,40.932121212,2.2626011381,1511.0,28.1,24.8,31.7,1.205377327,99017.0,272202.0,36.376294076,34.880332813,37.872255338,1.0416536849,13495.0,495.24371532,0.3912442285,38.0,2.6385177516,74.0,1.5505317121,50.0,5.462886786,0.9892561083,81084.0,10.38,0.4540754121,,,,,563.0,53.670162059,0.9032486046,California,915267.0,30.1,9.8,5.8,2.0,9.0,0.2,49.3,831261.0,157195.0,18.910426448,49.5,12.6,9.0,7.7,10.3,915267.0,156.48,303.0,33.5,2981:1,7924.54,152925.0,28.4,26.970212766,29.829787234,1802.0,16.0,448.0,50.003739119,2000:1,44869.0,43505.315152,46232.684848,124256.0,283836.0,43.777392579,56.2,26.9,15.0,42.2,8.173,7.458,8.888,268355.0,351673.0,76.308104404,42.0,50.0,84.0
6021.0,California,Glenn,,300.0,7931.66,6774.711,9088.609,0.6525149135,,,,,0.0,99.0,3.6,1.1,6.2,-0.311509477,100.0,4.2,2.2,6.2,0.4074259754,,139.0,3031.0,4.6,3.8,5.3,-2.149395895,97.0,13.9,7.0,25.7,-0.084086479,27.1,21.3,33.6,0.6669716022,18.9,14.1,24.6,0.1480903712,,,,,0.0,,45.0,23.251608236,16.457963827,30.045252646,0.64443812,38.0,134.6,-1.094202585,381.0,7814.0,48.8,43.9,53.7,0.6968192446,5856.0,24.2,21.936170213,26.463829787,1.5086198459,3,10.665908202,9376:1,5.0,17.8,5625:1,2.0279059225,3683.0,62.221703204,53.980779206,70.462627202,0.7825156832,438.0,75.799086758,67.645456705,83.952716811,1.2097044656,278.0,64.748201439,54.877288486,73.654463094,-0.060262192,80.5,-0.494114958,3443.0,6833.0,50.387823796,43.705223386,57.070424206,0.6076556169,2069.0,12727.0,16.3,0.5945552578,1992.0,25.6,18.591515152,32.608484848,0.4608955033,,,,,0.0,2461.0,7952.0,30.948189135,23.597097454,38.299280816,0.0364178392,186.0,219.8269749,-1.268152316,4.0,-0.435985185,0.0,-0.792795573,3.0,10.60108131,-0.012046359,614.0,2.36,-0.907392971,,,,,15.0,46.875,0.124664623,California,28299.0,28.9,12.5,0.9,2.3,3.6,0.2,36.3,25708.0,3663.0,14.248482963,49.4,43.4,7.8,5.9,10.2,28299.0,58.163,1.0,3.6,28127:1,7885.32,4885.0,30.0,27.140425532,32.859574468,,,7.0,25.202520252,3968:1,40859.0,36400.890909,45317.109091,3855.0,9660.0,39.906832298,55.2,21.9,11.7,35.6,,,,8386.0,11271.0,74.403335995,2.0,5.0,40.0
6023.0,California,Humboldt,,1801.0,9350.47,8767.429,9933.511,1.5096267756,535.0,14.0,10.4,18.5,-0.600811091,534.0,4.4,3.6,5.3,0.6675203077,530.0,4.3,3.3,5.3,0.502780991,,655.0,10816.0,6.1,5.6,6.5,-0.2225095,527.0,20.7,16.1,26.1,1.5240674239,26.2,22.5,30.0,0.4208854473,19.2,16.0,22.9,0.2476071006,522.0,19.3,15.0,24.4,0.4471281438,,195.0,21.710739468,18.66345231,24.758026626,0.4471070974,355.0,275.2,-0.051085398,1019.0,32760.0,31.1,29.2,33.0,-0.484246479,22409.0,20.2,18.412765957,21.987234043,0.3750041281,110,85.369260857,1171:1,161.0,124.9,800:1,-0.325259066,15786.0,43.457195241,40.131627147,46.782763335,-0.612605923,1516.0,79.419525066,74.93341305,83.905637082,0.2142359588,1335.0,71.011235955,66.012526171,74.988336625,-1.258187647,80.3,-0.470645545,22496.0,33891.0,66.377504352,63.081493597,69.673515107,-0.965788796,6972.0,60854.0,11.5,-0.669815417,5820.0,22.0,16.416969697,27.583030303,-0.053877535,461.0,17.6,13.5,22.6,-0.935840948,10309.0,26673.0,38.649570727,34.564803008,42.734338446,1.4626439203,1483.0,385.18079862,-0.271889114,4.0,-0.435985185,0.0,-0.792795573,14.0,10.800552371,-0.050918158,2685.0,2.18,-0.937949618,,,,,85.0,38.636363636,-0.819311436,California,129623.0,20.2,13.0,1.2,6.5,2.1,0.3,8.9,125539.0,4255.0,3.389384972,50.4,30.3,8.6,6.9,10.6,129623.0,142.4,43.0,33.4,2997:1,7080.16,20159.0,23.8,21.536170213,26.063829787,535.0,18.8,83.0,62.878311528,1590:1,38254.0,35966.145455,40541.854545,23672.0,54276.0,43.614120422,41.2,9.4,4.3,17.4,5.456,3.929,6.983,42206.0,58829.0,71.743527852,12.0,29.0,41.4
6025.0,California,Imperial,,1365.0,6568.06,6148.855,6987.265,-0.171244247,364.0,30.9,25.3,37.1,2.3206901681,360.0,4.8,3.7,5.9,1.1570352001,361.0,3.8,2.8,4.9,0.0260059133,,1276.0,21000.0,6.1,5.8,6.4,-0.2225095,356.0,11.2,7.6,16.2,-0.722618175,24.6,19.8,30.1,-0.01660105,22.6,17.9,28.1,1.3754633675,343.0,14.4,9.8,20.7,-1.129551608,,219.0,20.093752495,17.432444966,22.755060023,0.2400280135,693.0,422.6,1.0424812693,3066.0,46160.0,66.4,64.1,68.8,1.8712122806,35351.0,24.3,22.393617021,26.206382979,1.5369602389,55,33.723090507,2965:1,68.0,41.7,2398:1,1.5027832032,16318.0,57.110203407,53.306463331,60.913943484,0.4024810017,2776.0,83.573487032,80.172690868,86.974283195,-0.92792915,1243.0,54.465004023,50.049416535,58.204031811,1.9065965101,78.9,-0.306359656,21177.0,45783.0,46.255160212,43.80557662,48.704743804,1.0143251811,22860.0,77099.0,29.7,4.1242567248,16157.0,31.8,26.098181818,37.501818182,1.3474490696,300.0,24.2,18.3,31.4,0.410067682,17413.0,49280.0,35.334821429,32.286935562,38.382707295,0.8487823885,1609.0,327.41383766,-0.619937294,5.0,-0.345558628,33.0,0.25220173,8.0,4.7940362189,1.1195979472,18818.0,14.3,1.1195312802,,,,,83.0,47.159090909,0.1572155216,California,166874.0,30.8,10.5,4.2,2.1,2.6,0.2,77.3,154538.0,50035.0,32.377149957,48.2,14.5,7.2,5.6,9.1,166874.0,143.92,13.0,8.0,12546:1,7491.58,29727.0,31.1,28.59787234,33.60212766,364.0,22.1,33.0,20.049089893,4988:1,39261.0,36256.854545,42265.145455,20800.0,47304.0,43.970911551,58.6,41.5,25.2,59.5,4.037,2.843,5.231,43903.0,55565.0,79.011967965,10.0,10.0,100.0
6027.0,California,Inyo,,247.0,8263.0,6709.857,9816.143,0.8526794488,,,,,0.0,104.0,2.9,1.4,4.5,-1.168160539,104.0,5.0,2.1,7.8,1.1702660996,,121.0,1483.0,8.2,6.8,9.6,2.4751314527,,,,,0.0,23.4,18.3,29.0,-0.344715923,17.5,12.9,22.5,-0.316321033,,,,,0.0,,31.0,24.700211147,16.005084936,33.395337358,0.8299531357,26.0,151.7,-0.967336981,167.0,4222.0,39.6,33.6,45.6,0.0829319758,2798.0,19.5,17.712765957,21.287234043,0.1766213775,27,156.76711374,638:1,38.0,220.6,453:1,-2.427947109,3180.0,33.597962664,27.14064213,40.055283199,-1.345629587,237.0,87.341772152,75.443253436,99.240290868,-1.964049322,246.0,67.479674797,56.788091637,77.165911793,-0.582708852,44.0,3.0,2139.0,3956.0,54.069767442,47.125336742,61.014198142,0.2453385815,954.0,9558.0,10.0,-1.064931253,793.0,20.5,15.035757576,25.964242424,-0.268366301,,,,,0.0,1514.0,3915.0,38.671775223,28.427043786,48.916506661,1.4667559919,300.0,575.27469367,0.8734339774,1.0,-0.707264856,9.0,-0.507796308,4.0,23.130746545,-2.45375709,1267.0,7.0,-0.119710515,,,,,14.0,35.0,-1.235962938,California,17293.0,22.1,16.0,0.4,11.9,1.4,0.1,19.4,17374.0,960.0,5.5254978704,50.5,42.3,8.5,6.3,11.1,17293.0,88.725,6.0,34.8,2871:1,8285.17,2370.0,22.4,20.136170213,24.663829787,104.0,10.1,10.0,54.271138608,1843:1,44507.0,39722.224242,49291.775758,2928.0,7982.0,36.682535705,35.6,12.3,6.1,21.5,,,,5909.0,8442.0,69.995261786,2.0,5.0,40.0
6029.0,California,Kern,,8405.0,8414.34,8199.681,8628.999,0.9441048752,1703.0,24.4,21.7,27.4,1.1970358377,1688.0,4.4,4.0,4.9,0.6675203077,1695.0,4.1,3.6,4.6,0.3120709599,,6889.0,98288.0,7.0,6.8,7.2,0.9336223367,1650.0,17.4,14.9,20.1,0.7436397948,28.8,25.9,32.0,1.1318010057,23.5,20.8,26.2,1.6740135558,1613.0,16.0,13.5,18.9,-0.614717403,,1064.0,20.189362559,18.976231101,21.402494016,0.2522722955,4987.0,623.0,2.5292571179,14323.0,208909.0,68.6,67.4,69.7,2.0180114101,156590.0,21.9,20.708510638,23.091489362,0.8567908082,511,64.10377033,1560:1,661.0,82.9,1206:1,0.5975507333,40661.0,74.692865888,71.898114754,77.487617022,1.7097336283,5820.0,78.298969072,76.025586109,80.572352035,0.5223418032,3469.0,57.855289709,55.090981753,60.132039151,1.2581393585,74.3,0.2334368375,95916.0,226765.0,42.297532688,41.192783414,43.402281962,1.403770542,58554.0,368546.0,15.9,0.4891910349,76107.0,30.3,27.567878788,33.032121212,1.1329603036,1402.0,27.1,23.9,30.5,1.001451777,89764.0,247454.0,36.275024853,34.708955382,37.841094325,1.0228995426,14113.0,585.35415938,0.9341631493,41.0,2.9097974225,110.0,2.6905287696,43.0,5.3256907607,1.0159920986,63629.0,10.09,0.4048452586,,,,,524.0,57.900552486,1.3879631992,California,807407.0,31.0,9.0,6.5,1.8,4.1,0.2,47.9,744209.0,135111.0,18.154980657,48.2,11.8,7.7,6.5,9.0,807407.0,261.97,163.0,20.4,4890:1,9662.59,132798.0,28.1,26.55106383,29.64893617,1703.0,17.6,278.0,34.608063679,2890:1,45045.0,42869.993939,47220.006061,105710.0,248057.0,42.615205376,53.4,24.1,13.2,38.3,7.685,6.936,8.434,228547.0,304506.0,75.055007126,31.0,43.0,72.1
6031.0,California,Kings,,1314.0,7636.08,7162.72,8109.44,0.4739532145,262.0,22.6,17.5,28.6,0.8858700231,259.0,4.4,3.2,5.6,0.6675203077,260.0,3.8,2.7,4.9,0.0260059133,,1148.0,17944.0,6.4,6.0,6.8,0.1628677786,254.0,13.0,8.7,18.9,-0.296930377,27.6,22.5,33.4,0.8036861326,21.5,17.0,26.9,1.0105686929,251.0,15.2,10.0,22.4,-0.872134505,,206.0,20.515190204,17.713642583,23.316737824,0.2939993417,545.0,364.5,0.6114349779,2483.0,34717.0,71.5,68.7,74.3,2.2115193535,31296.0,23.5,21.474468085,25.525531915,1.3102370953,66,44.370941067,2254:1,92.0,61.9,1617:1,1.058955633,8892.0,68.106836467,62.490895223,73.722777712,1.2200692064,1406.0,75.320056899,70.783579717,79.856534081,1.3414175616,753.0,55.909694555,50.330275111,60.961358934,1.6302717415,70.3,0.7028250926,20710.0,48474.0,42.72393448,40.419126489,45.028742471,1.3618110097,10126.0,61350.0,16.5,0.6472373692,12484.0,29.7,25.067272727,34.332727273,1.0471647971,222.0,21.7,15.4,29.6,-0.099746193,11418.0,41312.0,27.638458559,24.350089692,30.926827426,-0.576514271,1751.0,389.46682414,-0.246065644,18.0,0.8299866122,46.0,0.6638673341,10.0,6.7220564115,0.7438762095,18968.0,17.37,1.6406918707,,,,,78.0,61.417322835,1.7909118024,California,148764.0,27.6,7.7,8.1,2.2,3.4,0.3,49.9,138520.0,29292.0,21.146404851,42.6,13.0,6.5,5.0,8.3,148764.0,158.15,23.0,15.5,6467:1,8027.02,27464.0,29.5,26.759574468,32.240425532,262.0,16.5,47.0,31.245844967,3200:1,44020.0,40535.951515,47504.048485,14911.0,40606.0,36.721174211,51.4,26.0,14.2,41.3,4.083,2.833,5.333,41479.0,56356.0,73.601746043,5.0,7.0,71.4
6033.0,California,Lake,,1161.0,9583.01,8789.308,10376.712,1.6501056222,220.0,21.8,14.5,31.4,0.7475741055,220.0,4.4,3.2,5.6,0.6675203077,220.0,3.9,2.7,5.1,0.1213609289,,302.0,4876.0,6.2,5.5,6.9,-0.094050407,216.0,19.7,13.5,28.0,1.287574203,26.8,22.0,31.9,0.5849428839,17.6,13.5,22.3,-0.28314879,209.0,19.3,13.1,27.4,0.4471281438,,127.0,28.197471109,23.293314039,33.101628178,1.2778289697,131.0,202.0,-0.594159211,645.0,15462.0,41.7,38.5,44.9,0.2230584176,10591.0,19.9,17.993617021,21.806382979,0.2899829493,40,61.451484053,1627:1,53.0,81.4,1228:1,0.6305082261,9088.0,58.41299875,53.277443815,63.548553684,0.4993424774,940.0,81.382978723,75.615859425,87.150098022,-0.325631349,757.0,62.615587847,56.631367923,67.836703319,0.3476410535,77.1,-0.095134941,6972.0,13940.0,50.014347202,44.639834359,55.388860046,0.6444071116,4585.0,25303.0,18.1,1.0686942608,3969.0,29.8,22.672727273,36.927272727,1.0614640482,187.0,25.0,17.3,34.5,0.573208122,4459.0,13863.0,32.164755104,25.420402789,38.909107418,0.2617148321,803.0,407.45702166,-0.137674006,4.0,-0.435985185,0.0,-0.792795573,3.0,4.5956586345,1.1582566558,66.0,0.12,-1.287653467,,,,,29.0,43.28358209,-0.286837035,California,65279.0,22.1,16.7,2.4,3.4,1.4,0.2,16.3,60839.0,3663.0,6.0208090205,50.4,44.6,9.5,7.4,12.0,65279.0,148.28,13.0,20.0,5007:1,8269.51,9114.0,23.2,20.936170213,25.463829787,220.0,16.3,20.0,31.212447524,3204:1,35914.0,32551.115152,39276.884848,11896.0,25180.0,47.243844321,56.1,12.9,6.3,22.7,5.551,3.375,7.727,17475.0,23156.0,75.466401797,8.0,12.0,66.7
6035.0,California,Lassen,,350.0,7322.43,6245.959,8398.901,0.2844753172,126.0,15.8,10.4,23.3,-0.289645276,126.0,3.8,2.6,5.0,-0.066752031,126.0,3.7,2.2,5.3,-0.069349102,,127.0,2117.0,6.0,5.0,7.0,-0.350968593,,,,,0.0,26.6,21.1,32.6,0.5302570717,18.3,13.9,23.5,-0.050943088,122.0,19.6,11.5,31.4,0.5436595571,,52.0,21.517389775,15.668896613,27.365882937,0.4223458112,37.0,107.0,-1.298968121,230.0,7128.0,32.3,28.1,36.4,-0.404174227,5774.0,19.0,16.617021277,21.382978723,0.0349194127,18,52.102932237,1919:1,26.0,75.3,1329:1,0.7645353636,2976.0,72.257935375,62.268439061,82.247431688,1.5286990829,303.0,78.877887789,68.877602418,88.87817316,0.3631634658,258.0,57.751937984,48.117610354,66.525848172,1.2779073578,72.8,0.4094574332,5280.0,12244.0,43.123162365,38.708794684,47.537530046,1.3225254916,1953.0,13755.0,14.2,0.0413930876,1144.0,18.7,13.354545455,24.045454545,-0.525752821,112.0,11.7,6.5,20.4,-2.139001693,2015.0,6173.0,32.642151304,24.994794533,40.289508075,0.3501242823,321.0,308.18564105,-0.735787925,0.0,-0.797691413,0.0,-0.792795573,6.0,17.404925594,-1.337941288,2563.0,10.33,0.4455874546,,,,,12.0,41.379310345,-0.505026898,California,34473.0,18.5,9.0,10.0,3.7,1.0,0.5,15.7,33489.0,1624.0,4.8493535191,36.1,58.7,6.9,5.1,8.9,34473.0,125.45,11.0,31.8,3141:1,8143.73,5238.0,21.8,18.821276596,24.778723404,126.0,13.6,19.0,53.348308297,1874:1,50093.0,45020.757576,55165.242424,4051.0,10276.0,39.421954068,29.4,12.0,6.0,21.1,,,,7684.0,10175.0,75.518427518,3.0,11.0,27.3
6037.0,California,Los Angeles,,78540.0,5776.22,5725.084,5827.356,-0.64959967,9758.0,22.4,21.2,23.6,0.8512960437,9695.0,3.8,3.6,4.0,-0.066752031,9686.0,3.7,3.5,3.9,-0.069349102,,75832.0,1056781.0,7.2,7.1,7.2,1.1905405227,9465.0,14.0,13.0,15.1,-0.060437156,21.5,20.1,22.9,-0.864231139,18.7,17.6,19.8,0.0817458849,9229.0,15.9,14.8,17.1,-0.646894541,,6484.0,9.3645317436,9.1365916961,9.5924717911,-1.134007301,46977.0,476.3,1.4408837796,100346.0,2516285.0,39.9,39.6,40.1,0.1029500389,2150986.0,24.8,24.323404255,25.276595745,1.6786622036,9131,93.371130354,1071:1,11060.0,113.1,884:1,-0.065993456,535136.0,61.866336774,61.199015314,62.533658234,0.7560945595,66800.0,77.781437126,77.112622408,78.450251844,0.6646413565,40333.0,56.073190688,55.355855207,56.817827533,1.5989999709,71.2,0.5972127352,1662770.0,2947841.0,56.406366558,,,0.0154084831,617215.0,4879481.0,12.6,-0.380063804,578160.0,24.5,23.54969697,25.45030303,0.3036037415,7512.0,28.9,27.4,30.5,1.3685177669,829177.0,2439370.0,33.991440413,33.507439885,34.47544094,0.600000398,177930.0,599.78029292,1.0210811635,22.0,1.1916928401,79.0,1.7088646368,738.0,7.4938990218,0.5934638602,147744.0,1.58,-1.039805108,,,,,7118.0,50.328784558,0.520396367,California,9848011.0,25.4,10.6,9.3,1.0,13.4,0.3,48.0,9098454.0,2453700.0,26.968317914,50.4,0.7,7.5,7.0,8.1,9848011.0,480.45,5524.0,56.5,1770:1,11115.62,1879353.0,30.3,29.704255319,30.895744681,9760.0,17.6,7162.0,73.832318989,1354:1,52595.0,51864.454545,53325.545455,1612741.0,3217889.0,50.117981074,53.2,33.5,27.8,40.8,10.295,10.056,10.534,3173055.0,4399339.0,72.125721614,265.0,293.0,90.4
6039.0,California,Madera,,1414.0,7312.98,6839.64,7786.32,0.2787665139,329.0,31.3,24.0,39.6,2.3898381269,325.0,5.7,3.9,7.4,2.2584437078,329.0,4.5,3.1,5.9,0.693491022,,1061.0,16895.0,6.3,5.9,6.6,0.0344086856,318.0,12.9,8.5,19.0,-0.3205797,30.2,24.9,35.8,1.514601691,20.3,16.3,24.9,0.6125017752,314.0,16.1,11.1,22.8,-0.582540265,,238.0,24.121833503,21.057204493,27.186462512,0.7558833289,648.0,436.9,1.1485735579,2468.0,36701.0,67.2,64.6,69.9,1.9245937822,31570.0,24.3,22.393617021,26.206382979,1.5369602389,78,52.853764475,1892:1,90.0,61.0,1640:1,1.0787301287,10129.0,57.529695605,52.712903878,62.346487332,0.4336698093,1440.0,82.916666667,78.213441808,87.619891526,-0.747331131,747.0,64.52476573,58.48146807,69.946989747,-0.017525828,75.3,0.1160897738,15047.0,39426.0,38.165170192,35.5765012,40.753839184,1.8104104781,10420.0,66960.0,15.6,0.4101678677,13394.0,31.7,25.285454545,38.114545455,1.3331498186,276.0,27.3,20.3,35.7,1.042236887,13188.0,41819.0,31.535904732,27.882087297,35.189722167,0.145257442,2175.0,484.88928919,0.3288584094,1.0,-0.707264856,15.0,-0.317796799,10.0,6.7280262662,0.7427128378,25559.0,22.07,2.4385598758,,,,,65.0,54.621848739,1.0122920679,California,148632.0,29.4,10.4,4.6,3.3,2.1,0.3,51.7,135784.0,25741.0,18.957314558,51.9,34.0,8.5,6.6,10.7,148632.0,127.24,26.0,17.6,5676:1,7376.34,27082.0,30.9,28.278723404,33.521276596,329.0,19.2,35.0,23.96160666,4173:1,43596.0,39463.369697,47728.630303,18886.0,42089.0,44.871581648,54.4,28.5,16.0,44.5,6.081,4.542,7.62,34258.0,46267.0,74.044135129,8.0,12.0,66.7
6041.0,California,Marin,,1790.0,3845.82,3563.992,4127.648,-1.815766203,737.0,8.1,5.7,11.4,-1.620743483,735.0,3.4,2.6,4.1,-0.556266923,733.0,2.3,1.8,2.8,-1.40431932,,1238.0,19456.0,6.4,6.0,6.7,0.1628677786,725.0,8.8,6.3,12.1,-1.290201905,15.3,12.6,18.2,-2.559491317,12.6,10.3,15.1,-1.941760947,710.0,23.6,19.5,28.2,1.8307450685,,101.0,5.8304291831,4.6933363842,6.967521982,-1.586601374,543.0,218.3,-0.47322884,574.0,45007.0,12.8,11.7,13.8,-1.705348329,24435.0,11.8,10.846808511,12.753191489,-2.005588879,416,167.50890898,597:1,479.0,192.9,518:1,-1.819332075,24368.0,32.095248643,29.817873654,34.372623633,-1.457354808,1122.0,78.609625668,73.42165506,83.797596277,0.4369242842,1862.0,71.428571429,67.142068204,74.768937962,-1.338011059,89.6,-1.561973238,45764.0,62279.0,73.482233177,70.895839835,76.068626518,-1.664920703,10844.0,131410.0,8.3,-1.5127292,5609.0,10.9,8.4054545455,13.394545455,-1.641094404,643.0,17.2,13.7,21.4,-1.017411168,11973.0,50790.0,23.573538098,21.175895671,25.971180525,-1.329300704,1731.0,233.29406913,-1.187012551,6.0,-0.255132071,0.0,-0.792795573,61.0,24.327018943,-2.686879931,8403.0,3.54,-0.707077174,,,,,164.0,36.203090508,-1.098113835,California,250750.0,20.4,16.2,3.1,0.6,5.8,0.2,14.7,234483.0,22542.0,9.6134901038,50.0,5.8,6.4,5.1,7.8,250750.0,423.85,559.0,225.1,444:1,7283.32,21398.0,13.7,12.389361702,15.010638298,737.0,11.3,261.0,105.99070855,943:1,82383.0,76171.581818,88594.418182,46886.0,102727.0,45.64136011,17.9,7.4,3.4,13.7,1.732,1.113,2.351,80967.0,121354.0,66.719679615,17.0,20.0,85.0
6043.0,California,Mariposa,,275.0,8616.67,7044.26,10189.08,1.0663336747,,,,,0.0,90.0,3.2,1.6,4.9,-0.801024369,90.0,3.9,1.4,6.4,0.1213609289,,51.0,985.0,5.2,3.8,6.6,-1.378641337,,,,,0.0,24.4,19.0,30.9,-0.071286862,20.9,15.3,27.2,0.811535234,,,,,0.0,,39.0,31.079907238,21.325441632,40.834372845,1.6469675237,19.0,105.7,-1.308612874,89.0,4009.0,22.2,17.6,26.8,-1.078115685,2391.0,17.0,15.212765957,18.787234043,-0.531888446,7,38.975501114,2566:1,11.0,61.2,1633:1,1.0743357963,3321.0,47.01971241,39.23088605,54.80853877,-0.347736485,311.0,82.31511254,72.231511254,92.398713826,-0.581929006,296.0,64.527027027,55.027240276,73.214574262,-0.017958345,88.0,-1.374217936,2393.0,3768.0,63.508492569,51.585521871,75.431463267,-0.683467298,1150.0,9523.0,12.1,-0.511769083,718.0,22.3,16.360606061,28.239393939,-0.010979782,,,,,0.0,1066.0,3432.0,31.060606061,17.329084583,44.792127538,0.0572364351,122.0,223.79161699,-1.244265193,0.0,-0.797691413,38.0,0.4105346546,1.0,5.6205035971,0.9585406301,823.0,4.92,-0.472809547,,,,,8.0,40.0,-0.663067123,California,17792.0,17.9,19.6,1.2,3.7,1.0,0.1,10.6,17482.0,302.0,1.7274911337,49.0,100.0,9.2,6.8,12.0,17792.0,50.543,4.0,22.3,4490:1,7097.09,2133.0,19.5,17.236170213,21.763829787,90.0,7.6,4.0,21.779374932,4592:1,42222.0,37440.787879,47003.212121,2595.0,7724.0,33.596582082,33.1,8.6,4.1,15.7,,,,4137.0,7187.0,57.562265201,2.0,7.0,28.6
6045.0,California,Mendocino,,1129.0,8430.48,7726.605,9134.355,0.9538551487,336.0,15.9,11.5,21.7,-0.272358287,330.0,3.7,2.6,4.9,-0.189130754,334.0,3.5,2.3,4.7,-0.260059133,,492.0,7847.0,6.3,5.7,6.8,0.0344086856,329.0,20.3,12.7,30.7,1.4294701355,22.8,18.8,27.1,-0.50877336,17.7,14.1,21.7,-0.249976547,325.0,24.7,16.6,35.1,2.1846935841,,131.0,21.373343362,17.713243909,25.033442815,0.4038985387,216.0,250.5,-0.234335714,858.0,22060.0,38.9,36.3,41.5,0.0362231618,15633.0,21.9,20.112765957,23.687234043,0.8567908082,94,109.57498893,913:1,135.0,157.4,635:1,-1.039338078,11971.0,43.913885938,40.060809115,47.76696276,-0.578651446,1077.0,84.493964717,79.004107311,89.983822123,-1.181021862,992.0,61.391129032,56.108852853,65.790489697,0.5818422827,73.4,0.3390491949,10391.0,20654.0,50.309867338,46.188695388,54.431039288,0.6153268241,4900.0,43066.0,11.4,-0.696156473,5402.0,28.6,21.472727273,35.727272727,0.8898730354,293.0,25.4,16.9,36.4,0.654778342,7097.0,19159.0,37.042643144,32.21133067,41.873955619,1.165055494,1624.0,626.0311782,1.1792437655,3.0,-0.526411742,0.0,-0.792795573,16.0,18.59600186,-1.570051536,4027.0,4.75,-0.501668602,,,,,57.0,33.139534884,-1.449133474,California,86040.0,22.4,15.4,0.9,5.8,1.5,0.3,21.0,82208.0,7754.0,9.4321720514,50.0,46.4,7.4,5.7,9.4,86040.0,146.92,38.0,44.3,2258:1,6935.21,13451.0,25.6,23.336170213,27.863829787,336.0,14.9,48.0,55.127424745,1814:1,40339.0,36723.09697,43954.90303,15229.0,34374.0,44.303834293,49.2,12.8,6.4,22.3,6.2,4.228,8.172,26708.0,37577.0,71.075391862,19.0,26.0,73.1
6047.0,California,Merced,,2163.0,7183.51,6817.519,7549.501,0.2005528893,456.0,26.8,21.1,33.4,1.6119235905,453.0,4.1,3.3,4.9,0.3003841385,452.0,4.4,3.2,5.6,0.5981360065,,1949.0,30884.0,6.3,6.0,6.6,0.0344086856,439.0,14.5,10.6,19.6,0.057809454,31.9,27.2,37.2,1.9794310946,20.2,16.3,24.4,0.579329532,428.0,15.8,10.9,22.3,-0.679071679,,382.0,22.833615864,20.543807801,25.123423928,0.5909080181,847.0,344.1,0.4600865382,4160.0,73690.0,56.5,54.7,58.2,1.2106161978,46305.0,21.4,19.85106383,22.94893617,0.7150888434,132,54.019545254,1851:1,214.0,87.6,1142:1,0.4942839224,19712.0,58.607364577,55.154858485,62.05987067,0.513793374,3077.0,80.402989925,77.23467442,83.571305431,-0.05617558,1613.0,61.872287663,57.83573508,65.487013324,0.4898114676,77.8,-0.177277886,28243.0,66898.0,42.218003528,40.017084953,44.418922102,1.4115965091,20291.0,107381.0,18.9,1.2794227066,25055.0,31.4,27.123636364,35.676363636,1.2902520653,383.0,28.0,21.5,35.4,1.184984772,25135.0,80123.0,31.370517829,28.685789558,34.0552461,0.1146292862,4662.0,623.80577723,1.1658356383,29.0,1.8246787389,30.0,0.1572019752,16.0,6.5220670061,0.7828490207,32158.0,15.49,1.3215446687,,,,,125.0,59.80861244,1.6065871118,California,245321.0,32.0,9.9,4.1,1.6,7.0,0.3,53.1,228318.0,53889.0,23.60260689,49.7,17.0,7.4,5.9,9.3,245321.0,65.516,13.0,5.3,18797:1,7902.97,39736.0,28.4,26.255319149,30.544680851,456.0,22.6,84.0,33.79737668,2959:1,41730.0,38945.612121,44514.387879,33319.0,73586.0,45.278993287,60.1,23.7,15.7,35.5,8.189,6.817,9.561,68883.0,91438.0,75.333012533,14.0,17.0,82.4
6049.0,California,Modoc,,136.0,9412.75,7055.987,11769.513,1.5472505073,,,,,0.0,,,,,0.0,,,,,0.0,,38.0,623.0,6.1,4.2,8.0,-0.2225095,,,,,0.0,25.0,19.2,31.7,0.0927705742,20.3,14.7,27.3,0.6125017752,,,,,0.0,,25.0,37.989879496,23.097846734,52.881912259,2.5318916132,6.0,65.3,-1.608342137,83.0,2240.0,37.1,29.1,45.0,-0.083885217,1596.0,22.2,20.174468085,24.225531915,0.941811987,3,33.006931456,3030:1,5.0,55.0,1818:1,1.2105601001,1815.0,49.967985904,39.28215561,60.653816199,-0.128535424,202.0,77.722772277,65.564985342,89.880559212,0.6807717264,150.0,55.333333333,43.105519656,66.736763157,1.7405118778,79.5,-0.376767894,1033.0,1950.0,52.974358974,40.564580832,65.384137117,0.3531308745,587.0,4151.0,14.1,0.0150520318,664.0,32.5,24.778787879,40.221212121,1.4475438271,,,,,0.0,837.0,2129.0,39.314232034,27.204209809,51.424254259,1.5857331712,77.0,276.96845437,-0.923872685,0.0,-0.797691413,0.0,-0.792795573,1.0,10.980564401,-0.08599789,1428.0,15.62,1.3436133582,,,,,4.0,44.444444444,-0.153826398,California,9107.0,20.4,19.8,1.0,4.7,0.7,0.1,13.2,9093.0,517.0,5.6856922908,49.4,70.0,8.7,6.3,11.6,,,5.0,55.0,1818:1,7469.32,1383.0,25.8,23.178723404,28.421276596,,,4.0,41.994750656,2381:1,34579.0,30679.193939,38478.806061,1239.0,3977.0,31.154136284,45.6,12.6,6.2,22.1,,,,2241.0,3489.0,64.230438521,2.0,7.0,28.6
6051.0,California,Mono,,86.0,5444.52,3783.204,7105.836,-0.849981683,66.0,8.2,3.3,18.9,-1.603456493,66.0,4.0,1.9,6.2,0.1780054154,65.0,3.6,1.9,5.3,-0.164704118,,103.0,1149.0,9.0,7.3,10.6,3.0,65.0,7.7,2.6,20.5,-1.550344448,20.5,15.4,26.3,-1.1376602,13.9,9.6,19.3,-1.510521786,,,,,0.0,x,13.0,14.491299647,6.6137394242,22.368859869,-0.477448888,31.0,242.7,-0.292204235,74.0,2558.0,28.9,22.3,35.5,-0.631045609,2275.0,21.0,18.736170213,23.263829787,0.6017272717,9,69.870351681,1431:1,13.0,100.9,991:1,0.2020608192,906.0,28.726985819,16.440251032,41.013720605,-1.707781638,68.0,79.411764706,58.230882812,100.0,0.2163697319,83.0,67.469879518,49.427476308,84.5070825,-0.580835317,73.8,0.2921103694,2107.0,4128.0,51.041666667,37.854303882,64.229029451,0.5433150312,895.0,8692.0,10.3,-0.985908086,448.0,15.0,10.723636364,19.276363636,-1.05482511,,,,,0.0,725.0,2919.0,24.837273039,12.257709866,37.416836211,-1.095268445,150.0,393.86619053,-0.219559291,0.0,-0.797691413,0.0,-0.792795573,1.0,7.7357468864,0.5463339078,1472.0,11.65,0.6696695327,,,,,16.0,28.571428571,-1.972543272,California,12927.0,18.9,14.4,1.0,2.9,1.5,0.1,24.4,12992.0,1258.0,9.6828817734,45.0,54.9,7.0,5.2,9.4,,,7.0,54.3,1840:1,5724.87,1997.0,23.7,20.959574468,26.440425532,,,5.0,36.555051908,2736:1,52768.0,46690.812121,58845.187879,2517.0,5283.0,47.643384441,33.2,11.1,5.4,19.7,,,,5041.0,8135.0,61.96681008,3.0,6.0,50.0
6053.0,California,Monterey,,2780.0,5225.35,4987.288,5463.412,-0.982383631,864.0,22.6,18.8,26.9,0.8858700231,857.0,3.3,2.7,4.0,-0.678645646,857.0,3.8,3.1,4.5,0.0260059133,,3082.0,51667.0,6.0,5.8,6.2,-0.350968593,847.0,12.6,9.8,16.2,-0.391527666,22.4,19.2,26.0,-0.618144984,15.9,13.4,18.8,-0.847076923,820.0,13.9,10.8,17.7,-1.290437297,,393.0,13.642654784,12.293820221,14.991489347,-0.586130407,1320.0,323.3,0.3057704821,6074.0,106855.0,56.8,55.4,58.3,1.2306342609,86616.0,24.0,22.570212766,25.429787234,1.45193906,282,69.516343736,1439:1,410.0,101.1,989:1,0.1976664868,38263.0,43.246149249,41.166988804,45.325309695,-0.628296972,4191.0,82.796468623,80.041585694,85.551351552,-0.714281716,2841.0,66.737064414,63.408067333,69.385489191,-0.440670376,72.0,0.5033350842,52070.0,116013.0,44.882901054,43.285096731,46.480705378,1.1493606184,28032.0,219661.0,12.8,-0.327381693,28298.0,25.9,22.217575758,29.582424242,0.5037932565,714.0,26.6,22.0,31.7,0.899489002,33877.0,108567.0,31.203772785,29.086053155,33.321492416,0.0837496152,6282.0,514.21835863,0.5055671905,0.0,-0.797691413,1.0,-0.761128988,29.0,7.0667933816,0.6766958066,26777.0,7.0,-0.119710515,,,,,231.0,38.693467337,-0.812768542,California,410370.0,27.5,10.3,3.5,1.4,6.4,0.6,53.9,374891.0,103757.0,27.676577992,48.0,11.0,7.2,5.8,8.7,410370.0,176.87,146.0,36.0,2778:1,7705.8,75032.0,30.0,28.212765957,31.787234043,864.0,17.3,230.0,57.160466827,1749:1,53735.0,51029.012121,56440.987879,59039.0,124963.0,47.245184575,46.1,28.0,15.7,43.6,6.561,5.626,7.496,123154.0,176845.0,69.639514829,20.0,24.0,83.3
6055.0,California,Napa,,1173.0,5365.32,4924.869,5805.771,-0.897826891,376.0,14.7,9.3,22.4,-0.479802163,374.0,3.7,2.5,4.9,-0.189130754,373.0,4.1,2.5,5.7,0.3120709599,,690.0,11589.0,6.0,5.5,6.4,-0.350968593,367.0,7.8,5.1,11.7,-1.526695126,22.2,18.2,26.6,-0.672830796,15.5,12.5,19.0,-0.979765896,355.0,25.0,19.1,32.1,2.2812249974,,113.0,12.196464536,9.9476646692,14.445264403,-0.771336446,220.0,164.9,-0.869405638,898.0,30150.0,29.8,27.8,31.7,-0.570991419,19954.0,17.7,16.15106383,19.24893617,-0.333505696,131,98.060498087,1020:1,173.0,129.5,772:1,-0.426328711,11937.0,48.023408983,44.1710931,51.875724867,-0.273112691,820.0,78.780487805,72.705317207,84.855658403,0.3899443714,743.0,69.717362046,63.2975054,75.2268724,-1.01070945,76.7,-0.048196115,18882.0,34065.0,55.429326288,52.165786054,58.692866522,0.1115529025,7308.0,74424.0,9.8,-1.117613364,4563.0,14.7,11.017575758,18.382424242,-1.097722863,313.0,23.1,15.8,32.3,0.185749577,7387.0,30865.0,23.933257735,20.475886343,27.390629127,-1.262683887,1872.0,467.12414223,0.22182271,10.0,0.1065741564,0.0,-0.792795573,18.0,13.367991088,-0.551246183,6150.0,5.22,-0.421881802,,,,,75.0,35.714285714,-1.154120679,California,134650.0,23.4,14.8,2.1,1.0,6.2,0.3,30.8,126018.0,21534.0,17.088035043,49.4,16.0,7.0,5.5,8.8,134650.0,161.92,162.0,121.3,825:1,9236.84,16780.0,20.5,18.593617021,22.406382979,376.0,9.3,95.0,71.653228544,1396:1,62893.0,58763.933333,67022.066667,21927.0,49179.0,44.586103825,29.4,14.4,7.4,24.5,2.482,1.467,3.497,46242.0,62559.0,73.917421954,7.0,9.0,77.8
6057.0,California,Nevada,,986.0,5629.52,5067.804,6191.236,-0.738222044,393.0,10.3,6.2,16.7,-1.24042971,391.0,2.5,1.5,3.5,-1.657675431,391.0,2.7,1.9,3.5,-1.022899257,,356.0,5793.0,6.1,5.5,6.8,-0.2225095,384.0,14.6,10.3,20.2,0.0814587761,20.5,16.8,24.7,-1.1376602,13.8,10.7,17.1,-1.543694029,377.0,18.4,13.9,24.0,0.1575339037,,115.0,16.909054284,13.818570497,19.999538071,-0.167819668,113.0,116.4,-1.229229134,425.0,22079.0,19.2,17.4,21.1,-1.278296316,12170.0,15.6,14.170212766,17.029787234,-0.928653947,83,85.305816212,1172:1,118.0,121.3,825:1,-0.246161083,14334.0,42.661681202,39.225047981,46.098314423,-0.671751562,843.0,84.341637011,78.142042328,90.541231693,-1.139138139,1227.0,72.208638957,66.97488419,76.416871041,-1.487213933,47.8,3.3431340271,14156.0,20275.0,69.819975339,65.224548383,74.415402295,-1.304540825,5825.0,50612.0,11.5,-0.669815417,3235.0,17.3,13.142424242,21.457575758,-0.725942336,343.0,15.0,10.8,20.4,-1.466047378,6120.0,19579.0,31.257980489,26.403325168,36.11263581,0.0937883907,819.0,279.18297222,-0.910530129,1.0,-0.707264856,63.0,1.2021992779,21.0,21.483156183,-2.132683941,210.0,0.23,-1.26897996,,,,,54.0,36.486486486,-1.065642561,California,97751.0,19.0,18.6,0.6,1.0,1.4,0.1,8.0,93847.0,2562.0,2.7299753855,50.0,43.3,7.0,5.4,8.8,97751.0,73.062,54.0,55.5,1802:1,7123.23,10585.0,17.7,15.912765957,19.487234043,393.0,14.5,69.0,70.556475857,1417:1,54154.0,50917.030303,57390.969697,19705.0,41255.0,47.763907405,20.7,7.1,3.3,12.8,,,,32957.0,43615.0,75.563452941,6.0,8.0,75.0
6059.0,California,Orange,,19891.0,4597.47,4513.523,4681.417,-1.361689807,5779.0,15.2,13.8,16.8,-0.393367215,5755.0,3.1,2.9,3.4,-0.923403092,5739.0,3.2,2.9,3.5,-0.54612418,,19437.0,310022.0,6.3,6.2,6.4,0.0344086856,5616.0,11.9,10.6,13.4,-0.55707292,20.6,19.1,22.1,-1.110317294,16.3,15.3,17.6,-0.714387951,5477.0,15.9,14.5,17.5,-0.646894541,,1690.0,8.0931813463,7.7073193641,8.4790433284,-1.296822512,7915.0,262.9,-0.142339604,21636.0,704581.0,30.7,30.3,31.1,-0.51093723,522055.0,19.7,18.985106383,20.414893617,0.2333021634,3272,109.46288583,914:1,4125.0,138.0,725:1,-0.613087837,183042.0,47.077687368,46.056028379,48.099346358,-0.343426107,17914.0,81.394440103,80.073274809,82.715605396,-0.328782747,13766.0,66.889437745,65.094083562,67.808693737,-0.469814697,81.7,-0.634931434,552716.0,863605.0,64.001018984,,,-0.731933741,151169.0,1580859.0,9.6,-1.170295476,118904.0,16.4,14.974545455,17.825454545,-0.854635595,4816.0,22.5,20.7,24.5,0.0633942471,183256.0,734785.0,24.940084515,24.193877386,25.686291643,-1.076228691,23279.0,258.13615693,-1.037338008,8.0,-0.074278958,14.0,-0.349463384,307.0,10.142771904,0.0772664023,26255.0,0.94,-1.148450964,,,,,2526.0,51.206162579,0.6209256063,California,3026786.0,25.0,11.5,2.0,0.9,16.6,0.4,34.2,2769832.0,599377.0,21.639471275,49.9,0.2,7.2,6.5,7.8,3026786.0,243.4,1601.0,53.6,1867:1,9973.87,447049.0,23.5,22.665957447,24.334042553,5783.0,11.9,2933.0,100.04676581,1000:1,70727.0,69668.6,71785.4,460290.0,984503.0,46.753539603,33.3,26.0,19.1,35.6,2.825,2.598,3.052,1097927.0,1411500.0,77.784413744,79.0,89.0,88.8
6061.0,California,Placer,,2795.0,5030.7,4766.492,5294.908,-1.099972895,937.0,9.3,7.0,12.2,-1.413299607,934.0,3.1,2.5,3.7,-0.923403092,929.0,3.1,2.2,3.9,-0.641479195,,1530.0,26771.0,5.7,5.4,6.0,-0.736345872,916.0,10.7,8.1,14.0,-0.840864786,20.4,17.7,23.3,-1.165003106,14.4,12.2,16.8,-1.34466057,892.0,17.0,13.7,20.8,-0.292946025,,246.0,11.202782662,9.802826526,12.602738798,-0.898592098,659.0,192.7,-0.663156293,1377.0,70781.0,19.5,18.4,20.5,-1.258278253,33604.0,11.6,10.646808511,12.553191489,-2.062269665,402,117.87439047,848:1,530.0,155.4,643:1,-0.995394754,25744.0,35.996843156,33.613050738,38.380635573,-1.167275323,2061.0,80.397865114,76.52672105,84.269009178,-0.054766472,2062.0,74.490785645,70.27937847,77.678829962,-1.923718251,86.1,-1.151258515,62772.0,84440.0,74.339175746,72.13165664,76.546694852,-1.749247059,20328.0,177097.0,11.5,-0.669815417,9054.0,10.7,8.5618181818,12.838181818,-1.669692906,798.0,14.2,11.0,18.0,-1.629187818,17264.0,83043.0,20.789229676,18.97059214,22.607867212,-1.844929392,2468.0,239.16281386,-1.151653136,11.0,0.1970007134,62.0,1.1705326929,58.0,16.640271753,-1.188929846,16280.0,6.53,-0.199497315,,,,,285.0,50.442477876,0.5334232523,California,348552.0,24.0,15.7,1.8,0.9,5.6,0.2,12.4,315818.0,16312.0,5.165000095,50.5,21.3,7.5,6.2,9.0,348552.0,44.402,133.0,39.0,2564:1,7279.13,29261.0,14.2,12.889361702,15.510638298,937.0,10.3,332.0,100.90479997,991:1,68330.0,64467.018182,72192.981818,56238.0,129153.0,43.543703979,14.4,6.7,3.1,12.5,1.457,0.951,1.963,119847.0,153221.0,78.21839043,14.0,18.0,77.8
6063.0,California,Plumas,,285.0,6744.52,5470.344,8018.696,-0.064643674,117.0,6.8,3.0,14.5,-1.845474349,116.0,3.2,1.0,5.4,-0.801024369,117.0,3.0,0.9,5.1,-0.736834211,,79.0,1270.0,6.2,4.9,7.5,-0.094050407,,,,,0.0,24.1,18.8,29.9,-0.153315581,20.0,14.7,26.0,0.5129850458,112.0,15.7,9.0,25.9,-0.711248816,,26.0,17.68382678,10.886382605,24.481270955,-0.068598597,50.0,246.6,-0.263269975,114.0,4978.0,22.9,18.7,27.1,-1.031406871,2510.0,16.1,14.431914894,17.768085106,-0.786951983,19,93.32481949,1072:1,35.0,171.9,582:1,-1.357927175,4163.0,65.332748789,57.151794612,73.513702966,1.0138186793,349.0,72.206303725,63.29110733,81.12150012,2.1975689331,348.0,66.666666667,57.655267739,74.684832036,-0.427205457,78.0,-0.200747298,2447.0,4015.0,60.946450809,51.349932986,70.542968633,-0.4313528,1690.0,10036.0,16.8,0.7262605364,783.0,22.3,16.360606061,28.239393939,-0.010979782,98.0,12.9,6.6,23.6,-1.894291033,1267.0,3727.0,33.995170378,24.264783468,43.725557288,0.6006911538,402.0,650.30654998,1.3255038221,2.0,-0.616838299,0.0,-0.792795573,4.0,19.878739688,-1.820024273,361.0,1.72,-1.016038827,,,,,14.0,29.166666667,-1.90434139,California,20122.0,18.0,21.3,0.9,2.9,0.7,0.1,7.8,19527.0,522.0,2.673221693,50.0,87.4,8.9,6.6,11.5,20122.0,44.673,9.0,44.2,2262:1,7392.2,2187.0,18.2,16.174468085,20.225531915,117.0,16.5,15.0,72.579474525,1378:1,41421.0,37173.145455,45668.854545,3651.0,10090.0,36.184340932,28.3,8.2,3.8,15.1,,,,6560.0,8744.0,75.022872827,6.0,9.0,66.7
6065.0,California,Riverside,,18751.0,6761.52,6641.705,6881.335,-0.05437387,4043.0,19.2,17.5,21.1,0.2981123734,4029.0,3.8,3.5,4.1,-0.066752031,4023.0,3.9,3.5,4.2,0.1213609289,,14027.0,216829.0,6.5,6.4,6.6,0.2913268716,3943.0,14.7,13.0,16.5,0.1051080982,27.6,25.5,29.7,0.8036861326,21.6,19.9,23.4,1.0437409361,3845.0,16.8,15.0,18.8,-0.357300301,,2212.0,16.383946073,15.701164142,17.066728005,-0.235067536,8280.0,394.2,0.8317805004,24123.0,517281.0,46.6,46.0,47.2,0.5500201151,414921.0,22.5,21.665957447,23.334042553,1.0268331659,986,47.224099425,2118:1,1325.0,63.5,1576:1,1.023800974,107189.0,54.788926771,53.349152744,56.228700798,0.2298965036,11692.0,78.908655491,77.298477115,80.518833866,0.3547036397,8315.0,62.537582682,60.638104474,64.026527776,0.3625610371,76.3,-0.00125729,285068.0,567489.0,50.23322038,,,0.6228691717,134317.0,913801.0,14.7,0.1730983662,143511.0,23.4,21.618181818,25.181818182,0.1463119797,3376.0,24.3,22.2,26.5,0.430460237,169680.0,605900.0,28.004621225,26.966675001,29.042567449,-0.508704263,24813.0,388.28385204,-0.253193097,36.0,2.4576646376,107.0,2.5955290148,138.0,6.4927732611,0.7885576211,164101.0,10.86,0.5355598042,,,,,1296.0,54.591406908,1.0088040684,California,2125440.0,29.0,11.5,6.8,1.4,5.6,0.4,44.7,1947342.0,327427.0,16.814047045,50.0,6.9,9.2,8.2,10.2,2125440.0,264.59,375.0,18.0,5568:1,9300.06,346938.0,28.0,26.927659574,29.072340426,4048.0,16.5,786.0,37.876177667,2640:1,53981.0,52557.921212,55404.078788,332286.0,666906.0,49.82501282,41.0,19.9,14.3,28.2,5.777,5.371,6.183,637606.0,841821.0,75.741279916,59.0,68.0,86.8
6067.0,California,Sacramento,,13472.0,6856.68,6709.288,7004.072,0.0031128727,3054.0,13.5,11.9,15.2,-0.687246039,3039.0,3.5,3.2,3.9,-0.4338882,3038.0,3.9,3.5,4.4,0.1213609289,,9972.0,147122.0,6.8,6.6,6.9,0.6767041507,2981.0,14.9,13.0,16.9,0.1524067424,28.3,26.3,30.5,0.9950864753,19.0,17.4,20.7,0.1812626143,2928.0,16.8,14.9,18.9,-0.357300301,,1128.0,11.864610905,11.172214154,12.557007657,-0.813835209,4924.0,353.2,0.5275998128,13415.0,333384.0,40.2,39.6,40.9,0.122968102,192214.0,15.7,14.865957447,16.534042553,-0.900313554,1352,97.513900419,1025:1,1703.0,122.8,814:1,-0.279118576,68750.0,46.549701961,44.932789729,48.166614193,-0.382681272,7917.0,76.923076923,74.991090488,78.855063358,0.9006543683,5186.0,62.456613961,60.323851995,64.62703628,0.3780478578,71.3,0.5854780288,254608.0,398992.0,63.812808277,,,-0.713413103,86257.0,674880.0,12.8,-0.327381693,84466.0,23.6,21.224242424,25.975757576,0.1749104818,2606.0,21.6,19.6,23.9,-0.120138748,122367.0,358037.0,34.177193977,33.055892055,35.2984959,0.6344002748,27388.0,652.7910823,1.3404732257,22.0,1.1916928401,46.0,0.6638673341,135.0,9.6363250911,0.1759599104,56194.0,4.7,-0.51015656,,,,,969.0,52.237196765,0.7390606406,California,1400949.0,25.8,11.3,10.5,1.3,13.6,0.9,20.5,1294651.0,176219.0,13.61131301,50.8,2.4,8.4,7.5,9.4,1400949.0,244.39,604.0,43.6,2295:1,7679.14,169991.0,19.6,18.527659574,20.672340426,3055.0,13.6,922.0,66.755432567,1498:1,52655.0,51220.042424,54089.957576,235025.0,508499.0,46.219363263,41.1,12.7,7.9,20.4,7.258,6.717,7.799,456474.0,607964.0,75.082406195,45.0,53.0,84.9
6069.0,California,San Benito,,367.0,4661.82,4050.398,5273.242,-1.322815575,112.0,17.6,10.3,28.5,0.0215205382,111.0,3.1,1.8,4.4,-0.923403092,111.0,2.6,1.2,4.0,-1.118254273,,351.0,6146.0,5.7,5.1,6.3,-0.736345872,107.0,4.9,1.9,11.8,-2.212525467,24.2,18.7,30.6,-0.125972674,16.0,11.3,21.4,-0.81390468,,,,,0.0,,61.0,15.656079564,11.727150628,19.585008499,-0.328281602,145.0,265.1,-0.126017713,592.0,15019.0,39.4,36.2,42.6,0.0695866003,9218.0,18.8,17.131914894,20.468085106,-0.021761373,22,40.148183295,2491:1,33.0,60.2,1661:1,1.0963074582,4804.0,56.892345785,49.990112103,63.794579467,0.3862835146,582.0,82.474226804,75.095971047,89.852482562,-0.625678748,380.0,64.210526316,55.747957916,71.745322976,0.0425784858,85.8,-1.116054396,6918.0,14877.0,46.501310748,41.742353986,51.26026751,0.9901030471,4523.0,25766.0,17.6,0.9369889822,2777.0,17.4,12.648484848,22.151515152,-0.711643085,,,,,0.0,3986.0,16138.0,24.699467096,20.123748294,29.275185898,-1.120788857,740.0,448.99098378,0.1125697269,0.0,-0.797691413,6.0,-0.602796063,7.0,12.713865378,-0.423773842,4486.0,8.54,0.1417185761,,,,,28.0,49.122807018,0.3822164698,California,55058.0,28.9,9.3,1.4,1.7,3.3,0.4,54.1,50325.0,10897.0,21.65325385,49.0,22.6,7.0,5.2,9.1,55058.0,62.183,5.0,9.1,10959:1,8191.45,7556.0,22.6,20.336170213,24.863829787,112.0,11.2,21.0,38.837106081,2575:1,58194.0,52934.072727,63453.927273,8621.0,16812.0,51.278848442,45.4,18.6,9.3,31.3,,,,17116.0,23907.0,71.59409378,2.0,4.0,50.0
6071.0,California,San Bernardino,,18930.0,7346.06,7220.287,7471.833,0.2987503457,3841.0,19.6,18.0,21.3,0.3672603322,3827.0,4.2,3.9,4.5,0.4227628616,3825.0,4.0,3.7,4.4,0.2167159444,,16090.0,229086.0,7.0,6.9,7.1,0.9336223367,3750.0,16.6,15.0,18.4,0.554445218,28.1,26.0,30.3,0.9404006631,21.4,19.6,23.2,0.9773964498,3665.0,16.4,14.7,18.3,-0.486008852,,2204.0,16.226280936,15.548843383,16.903718488,-0.255258888,8654.0,429.4,1.0929307492,27930.0,561588.0,49.7,49.2,50.3,0.7568734339,390141.0,21.6,20.646808511,22.553191489,0.7717696293,1284,64.042647216,1561:1,1669.0,83.2,1201:1,0.5909592347,74040.0,64.614062541,62.702665722,66.52545936,0.960385106,10214.0,73.839827687,72.173334733,75.506320642,1.7484184377,5984.0,55.848930481,53.960067149,57.747414248,1.6418940359,69.2,0.8319068627,280010.0,557563.0,50.220333846,,,0.6241372549,121889.0,855660.0,14.2,0.0413930876,144956.0,24.7,22.324242424,27.075757576,0.3322022436,3176.0,26.4,24.3,28.7,0.858703892,190817.0,595542.0,32.0408972,31.031946187,33.049848212,0.2387774707,30859.0,505.15575131,0.4509646299,26.0,1.5533990679,116.0,2.8805282792,117.0,5.7987592638,0.9238031678,179605.0,10.81,0.5270718467,,,,,1342.0,59.670964873,1.5908155687,California,2017673.0,29.8,8.6,9.5,1.5,6.0,0.4,48.1,1845394.0,333364.0,18.064651776,49.8,5.7,7.8,6.9,8.8,2017673.0,191.69,494.0,24.6,4059:1,9663.02,329763.0,27.1,26.027659574,28.172340426,3845.0,17.7,974.0,48.891630747,2045:1,52270.0,50856.424242,53683.575758,283449.0,596125.0,47.548584609,48.1,20.2,10.6,33.2,8.724,8.228,9.22,612954.0,808563.0,75.807822025,51.0,76.0,67.1
6073.0,California,San Diego,,23353.0,5543.02,5452.958,5633.082,-0.790477226,6527.0,15.5,14.2,16.9,-0.341506245,6491.0,3.4,3.1,3.6,-0.556266923,6494.0,3.4,3.1,3.6,-0.355414149,,20909.0,322127.0,6.5,6.4,6.6,0.2913268716,6340.0,13.4,12.2,14.7,-0.202333089,23.0,21.5,24.5,-0.454087548,17.3,16.1,18.6,-0.382665519,6194.0,17.4,16.0,18.9,-0.164237474,,2264.0,10.979574451,10.527298633,11.43185027,-0.927177209,14169.0,472.1,1.4097238068,26385.0,709916.0,37.2,36.7,37.6,-0.077212529,500631.0,18.8,18.085106383,19.514893617,-0.021761373,2831,93.764262535,1067:1,3605.0,119.4,838:1,-0.204414926,176542.0,45.645775717,44.636392857,46.655158578,-0.449887246,16759.0,80.816277821,79.455204745,82.177350896,-0.169812397,12601.0,61.590349972,59.987344209,62.717316819,0.5437374575,73.8,0.2921103694,587232.0,882728.0,66.524682575,,,-0.980271684,164320.0,1558186.0,10.5,-0.933225974,136770.0,19.1,17.555757576,20.644242424,-0.468555816,5522.0,22.6,21.0,24.3,0.0837868021,205901.0,713030.0,28.8769056,28.04559918,29.70821202,-0.347165102,39321.0,440.52286,0.0615489527,3.0,-0.526411742,38.0,0.4105346546,320.0,10.478771809,0.0117886294,108472.0,3.98,-0.632383148,,,,,2332.0,51.27528584,0.6288456918,California,3053793.0,24.2,11.4,5.6,1.0,10.4,0.5,31.3,2820333.0,448936.0,15.917836653,49.8,3.9,7.3,6.7,8.0,3053793.0,430.77,2042.0,67.6,1479:1,8764.6,426583.0,22.1,21.265957447,22.934042553,6527.0,12.5,2135.0,71.746811384,1394:1,59759.0,58503.412121,61014.587879,515125.0,1061789.0,48.514817916,36.8,21.1,15.2,29.8,4.064,3.79,4.338,1069849.0,1420901.0,75.293704488,89.0,109.0,81.7
6075.0,California,San Francisco,,7021.0,5757.02,5568.135,5945.905,-0.661198508,1637.0,16.4,14.2,18.8,-0.185923338,1630.0,3.1,2.7,3.5,-0.923403092,1629.0,3.3,2.8,3.7,-0.450769164,,4293.0,60849.0,7.1,6.9,7.3,1.0620814297,1590.0,12.6,10.2,15.3,-0.391527666,17.1,15.0,19.3,-2.067319007,16.9,15.1,18.8,-0.515354492,1549.0,20.4,17.5,23.6,0.8010766594,,334.0,6.2812889054,5.6076431045,6.9549347064,-1.528862122,4163.0,514.6,1.7250330561,2271.0,101239.0,22.4,21.5,23.4,-1.064770309,103131.0,14.8,13.846808511,15.753191489,-1.155377091,1781,220.42051928,454:1,2014.0,249.3,401:1,-3.058533806,58812.0,48.998082981,47.250524618,50.745641344,-0.200646696,5375.0,80.427906977,78.030342913,82.825471041,-0.063026723,3730.0,63.512064343,60.885257443,65.994614734,0.1761727322,76.4,-0.012991996,244826.0,298960.0,81.892560878,80.520079943,83.265041813,-2.492528427,43579.0,457989.0,9.5,-1.196636531,15392.0,14.7,11.017575758,18.382424242,-1.097722863,1380.0,26.2,23.1,29.7,0.817918782,30931.0,105442.0,29.334610497,27.530871433,31.13834956,-0.262402302,19304.0,824.35907619,2.3741770439,4.0,-0.435985185,0.0,-0.792795573,107.0,13.123069866,-0.503517312,8392.0,1.1,-1.1212895,,,,,761.0,31.226918342,-1.668279477,California,815358.0,14.4,14.0,6.7,0.6,31.4,0.5,14.4,754421.0,179404.0,23.780356061,49.2,0.0,7.2,6.2,8.2,815358.0,2025.4,1415.0,175.1,571:1,7638.82,94576.0,16.4,15.327659574,17.472340426,1639.0,10.5,973.0,124.95617544,800:1,70883.0,68237.593939,73528.406061,138685.0,335956.0,41.280703425,40.9,18.1,8.9,31.1,8.952,8.148,9.756,165371.0,433674.0,38.132560403,24.0,27.0,88.9
6077.0,California,San Joaquin,,6637.0,7338.46,7120.802,7556.118,0.2941591389,1312.0,20.0,17.2,23.1,0.436408291,1299.0,3.7,3.2,4.3,-0.189130754,1307.0,3.8,3.2,4.4,0.0260059133,,5304.0,77515.0,6.8,6.7,7.0,0.6767041507,1279.0,17.8,14.9,21.1,0.8382370832,30.0,26.8,33.1,1.4599158788,21.4,18.9,24.1,0.9773964498,1246.0,17.2,14.3,20.5,-0.22859175,,740.0,16.165697526,15.00094232,17.330452731,-0.263017489,3478.0,517.3,1.7450644672,9241.0,181259.0,51.0,49.9,52.0,0.8436183741,114489.0,19.2,18.127659574,20.272340426,0.0916001986,470,70.280058557,1423:1,614.0,91.8,1089:1,0.4020029424,41236.0,60.501262162,58.118627239,62.883897084,0.6546026851,5198.0,81.088880339,78.640839911,83.536920767,-0.244766642,3173.0,62.527576426,59.589420713,65.075069553,0.3644749254,70.8,0.6441515607,88971.0,182132.0,48.849735357,47.592901357,50.106569357,0.759009276,51786.0,298937.0,17.3,0.857965815,51509.0,26.0,22.911515152,29.088484848,0.5180925075,1101.0,28.2,24.0,32.8,1.2257698819,65473.0,198363.0,33.006659508,31.367078574,34.646240442,0.4176278985,17741.0,865.84713535,2.6241442096,28.0,1.7342521819,23.0,-0.064464119,36.0,5.3344397356,1.0142871475,34005.0,6.21,-0.253820243,,,,,400.0,55.172413793,1.075375351,California,674860.0,30.0,10.1,8.0,1.4,14.0,0.5,37.6,618691.0,113830.0,18.398522041,49.8,9.9,8.6,7.3,10.1,674860.0,196.28,119.0,17.8,5620:1,8102.14,98059.0,24.6,23.170212766,26.029787234,1313.0,15.9,328.0,49.095916657,2037:1,49742.0,48042.145455,51441.854545,101891.0,212905.0,47.857495127,45.5,22.5,12.2,36.4,7.34,6.556,8.124,198886.0,262119.0,75.876224158,25.0,29.0,86.2
6079.0,California,San Luis Obispo,,2289.0,5602.71,5283.661,5921.759,-0.75441813,827.0,11.2,8.8,14.1,-1.084846803,824.0,3.0,2.5,3.5,-1.045781815,823.0,3.7,2.9,4.4,-0.069349102,,1151.0,18698.0,6.2,5.8,6.5,-0.094050407,806.0,11.9,9.0,15.6,-0.55707292,21.7,18.5,25.0,-0.809545327,14.6,12.2,17.3,-1.278316084,791.0,20.2,16.4,24.7,0.7367223838,,268.0,14.878077486,13.096783956,16.659371016,-0.427916269,624.0,235.2,-0.347847044,1501.0,68234.0,22.0,20.9,23.1,-1.09146106,38869.0,17.5,16.070212766,18.929787234,-0.390186481,228,85.994251963,1163:1,311.0,117.3,853:1,-0.158274436,32746.0,38.153503006,36.020386639,40.286619374,-1.006929912,2747.0,85.074626866,81.625360225,88.523893506,-1.34067957,2655.0,70.169491525,66.518627184,72.847202432,-1.097187883,86.4,-1.186462634,37592.0,60650.0,61.981863149,59.636620021,64.327106277,-0.533241249,13827.0,136162.0,10.2,-1.012249141,7527.0,15.1,11.18,19.02,-1.040525859,727.0,21.0,16.8,25.9,-0.242494078,12976.0,50285.0,25.804912002,23.398836216,28.210987787,-0.916070478,2368.0,301.35968194,-0.776914593,0.0,-0.797691413,35.0,0.3155348998,41.0,15.357473284,-0.938945291,26074.0,11.23,0.5983706897,,,,,219.0,41.477272727,-0.49380245,California,266971.0,18.7,14.8,2.1,1.1,3.3,0.1,19.6,252422.0,16646.0,6.5945123642,48.7,18.8,6.6,5.4,7.9,266971.0,184.23,300.0,113.2,884:1,7325.16,34761.0,20.1,18.312765957,21.887234043,828.0,8.7,179.0,68.120409484,1468:1,53620.0,50753.648485,56486.351515,47995.0,102434.0,46.854560009,20.0,10.1,4.9,18.0,2.276,1.58,2.972,87716.0,118410.0,74.078202854,15.0,21.0,71.4
6081.0,California,San Mateo,,4920.0,4253.75,4084.837,4422.663,-1.569333176,1457.0,14.1,11.1,17.7,-0.583524101,1453.0,3.2,2.7,3.7,-0.801024369,1450.0,2.8,2.3,3.3,-0.927544242,,4631.0,69756.0,6.6,6.5,6.8,0.4197859646,1394.0,13.5,10.4,17.4,-0.178683767,20.1,17.7,22.6,-1.247031824,16.2,14.3,18.4,-0.747560194,1368.0,17.8,14.8,21.3,-0.035528923,,336.0,6.8228101977,6.0932691668,7.5523512287,-1.459512316,1770.0,248.4,-0.249915701,3281.0,140887.0,23.3,22.5,24.1,-1.00471612,80232.0,12.9,12.065957447,13.734042553,-1.693844557,871,123.00522525,813:1,982.0,138.7,721:1,-0.628468,47549.0,38.402305251,36.619271693,40.185338808,-0.988431724,3626.0,82.184225041,79.233447946,85.135002136,-0.54594044,3376.0,70.438388626,67.237305737,72.868577929,-1.14861961,81.1,-0.564523196,150070.0,206903.0,72.531572766,71.156367368,73.906778164,-1.571372161,33093.0,372382.0,8.9,-1.354682866,13301.0,8.5,6.4806060606,10.519393939,-1.98427643,1202.0,23.6,20.2,27.4,0.287712352,34660.0,155588.0,22.276782271,20.882939093,23.670625449,-1.569448132,6368.0,301.2776386,-0.777408907,4.0,-0.435985185,0.0,-0.792795573,96.0,13.352081882,-0.548145887,21736.0,3.13,-0.776678425,,,,,501.0,41.611295681,-0.478446212,California,718989.0,22.3,13.1,3.2,0.5,24.9,1.4,23.7,658145.0,124187.0,18.869246139,50.2,1.4,6.9,5.9,8.1,718989.0,207.49,571.0,80.6,1240:1,7130.25,71629.0,15.6,14.527659574,16.672340426,1459.0,9.4,709.0,102.18361632,979:1,82413.0,79869.751515,84956.248485,110407.0,255758.0,43.168542137,25.6,15.4,7.5,26.7,3.899,3.348,4.45,247347.0,350536.0,70.562509985,23.0,28.0,82.1
6083.0,California,Santa Barbara,,3111.0,5443.71,5194.614,5692.806,-0.850471009,985.0,21.8,18.0,26.2,0.7475741055,975.0,3.6,3.0,4.3,-0.311509477,979.0,2.8,2.3,3.3,-0.927544242,,2711.0,42662.0,6.4,6.1,6.6,0.1628677786,952.0,10.9,8.3,14.2,-0.793566141,19.9,17.0,23.1,-1.301717636,16.0,13.5,18.6,-0.81390468,934.0,16.4,13.0,20.5,-0.486008852,,325.0,11.529896667,10.276352022,12.783441312,-0.856700315,1267.0,312.5,0.2256448376,4549.0,112747.0,40.3,39.2,41.5,0.1296407897,67463.0,19.5,18.189361702,20.810638298,0.1766213775,400,99.094523789,1009:1,513.0,127.1,787:1,-0.373596722,39090.0,35.895612586,34.015956596,37.775268576,-1.174801711,3425.0,84.613138686,81.532472185,87.693805187,-1.213789699,2895.0,69.430051813,65.976611053,72.009036432,-0.955755858,81.0,-0.55278849,60747.0,106032.0,57.291195111,55.525957583,59.056432639,-0.071661958,20625.0,220463.0,9.4,-1.222977587,20762.0,21.7,17.661212121,25.738787879,-0.096775288,824.0,26.6,22.1,31.5,0.899489002,26800.0,95646.0,28.019990381,25.887749694,30.152231068,-0.505858035,5194.0,431.14182026,0.0050278243,0.0,-0.797691413,5.0,-0.634462648,47.0,11.546294499,-0.196244192,32775.0,8.53,0.1400209846,,,,,302.0,45.550527903,-0.027092281,California,407057.0,23.8,13.2,2.4,1.7,4.5,0.3,40.4,388999.0,73260.0,18.832953298,49.4,4.9,6.9,5.7,8.3,407057.0,144.24,256.0,63.4,1577:1,7416.09,57965.0,23.1,21.431914894,24.768085106,985.0,15.4,281.0,68.329430531,1463:1,56243.0,53681.933333,58804.066667,66809.0,141793.0,47.117276593,35.6,17.7,9.2,29.6,2.058,1.529,2.587,124390.0,189106.0,65.777923493,18.0,20.0,90.0
6085.0,California,Santa Clara,,10610.0,4051.6,3950.601,4152.599,-1.691453237,3380.0,14.9,13.1,17.0,-0.445228184,3360.0,3.1,2.7,3.5,-0.923403092,3365.0,2.7,2.4,3.0,-1.022899257,,12319.0,188352.0,6.5,6.4,6.7,0.2913268716,3307.0,9.7,8.2,11.4,-1.077358007,21.3,19.5,23.0,-0.918916951,16.5,15.0,18.0,-0.648043464,3228.0,13.3,11.6,15.3,-1.483500123,,861.0,7.1804319968,6.7008033999,7.6600605937,-1.413713559,5392.0,305.6,0.1744534536,9926.0,369775.0,26.8,26.3,27.4,-0.77117205,219104.0,13.8,13.085106383,14.514893617,-1.43878102,2274,129.50999773,772:1,2634.0,150.0,667:1,-0.87674778,102935.0,39.511623813,38.27218228,40.751065347,-0.905955046,10383.0,82.856592507,81.105705263,84.607479751,-0.73081326,7602.0,65.653775322,63.495510242,67.119228915,-0.233470563,78.3,-0.235951417,397676.0,547595.0,72.622284718,,,-1.580298556,97428.0,874345.0,11.1,-0.77517964,56661.0,13.3,11.755757576,14.844242424,-1.297912378,2879.0,22.2,20.1,24.5,0.0022165821,93836.0,417872.0,22.455680208,21.543002509,23.368357907,-1.536317855,16045.0,306.19732314,-0.747767617,7.0,-0.164705514,12.0,-0.412796554,198.0,11.094662123,-0.108232613,24002.0,1.45,-1.061873797,,,,,1282.0,46.788321168,0.114733035,California,1784642.0,24.4,10.9,2.9,0.8,31.7,0.4,26.3,1614485.0,355232.0,22.002805848,48.9,1.2,7.3,6.5,8.2,1784642.0,191.7,1067.0,60.8,1646:1,7613.16,193508.0,16.9,16.065957447,17.734042553,3381.0,10.1,1815.0,106.0147451,943:1,84627.0,82583.848485,86670.151515,251869.0,596747.0,42.206998946,28.4,16.1,9.9,26.0,2.744,2.448,3.04,630618.0,820822.0,76.827619143,53.0,57.0,93.0
6087.0,California,Santa Cruz,,1942.0,5293.44,4980.781,5606.099,-0.941250042,676.0,16.8,12.8,21.8,-0.116775379,670.0,3.1,2.4,3.7,-0.923403092,670.0,3.7,2.8,4.7,-0.069349102,,1384.0,24474.0,5.7,5.4,5.9,-0.736345872,664.0,9.5,6.9,12.9,-1.124656651,19.8,16.5,23.2,-1.329060543,12.4,10.0,15.1,-2.008105433,647.0,18.0,14.2,22.7,0.0288253526,,198.0,11.248172172,9.681401507,12.814942837,-0.892779301,646.0,255.2,-0.199466221,2144.0,69511.0,30.8,29.5,32.1,-0.504264542,40480.0,18.1,16.670212766,19.529787234,-0.220144124,274,108.33079639,923:1,393.0,155.4,644:1,-0.995394754,22218.0,43.593264533,40.80345827,46.383070797,-0.602489313,1900.0,81.736842105,77.671583308,85.802100902,-0.422928919,1753.0,68.339988591,64.027522985,71.714244781,-0.747260363,76.9,-0.071665528,41848.0,65705.0,63.690738909,61.269972981,66.111504836,-0.70140102,18849.0,147848.0,12.7,-0.353722748,10308.0,19.0,14.723636364,23.276363636,-0.482855067,592.0,22.3,18.0,27.3,0.0226091371,15395.0,54694.0,28.14751161,25.324303636,30.970719584,-0.482242259,3701.0,494.19346052,0.3849164026,0.0,-0.797691413,0.0,-0.792795573,40.0,15.611705657,-0.988488666,17214.0,6.95,-0.128198472,,,,,167.0,41.439205955,-0.498164109,California,256218.0,21.8,11.1,1.3,1.3,4.2,0.2,30.2,242015.0,34852.0,14.400760283,49.8,14.9,6.4,5.1,7.9,256218.0,187.91,186.0,73.5,1360:1,7397.35,35842.0,21.3,19.512765957,23.087234043,677.0,13.0,171.0,67.507816695,1481:1,60247.0,57298.684848,63195.315152,46488.0,93802.0,49.55971088,38.0,13.0,6.5,22.6,2.897,2.101,3.693,86510.0,121706.0,71.081129936,12.0,15.0,80.0
6089.0,California,Shasta,,2639.0,8780.79,8308.371,9253.209,1.1654795779,645.0,12.4,9.5,16.0,-0.877402926,643.0,3.8,3.1,4.5,-0.066752031,643.0,3.9,3.1,4.7,0.1213609289,,912.0,14800.0,6.2,5.8,6.5,-0.094050407,629.0,24.4,19.7,29.9,2.3990923414,28.1,24.1,32.3,0.9404006631,19.7,16.7,23.0,0.4134683163,616.0,22.1,17.6,27.5,1.3480880017,,216.0,17.352728757,15.038549619,19.666907894,-0.111000593,462.0,256.4,-0.190563372,1793.0,45522.0,39.4,37.6,41.2,0.0695866003,26528.0,17.7,16.270212766,19.129787234,-0.333505696,140,77.555881783,1289:1,217.0,120.2,832:1,-0.221992255,24914.0,43.671878439,41.011228312,46.332528565,-0.596644451,2551.0,83.222265778,79.682124371,86.762407186,-0.831358054,2081.0,63.86352715,59.994678683,66.812364058,0.1089487305,80.9,-0.541053783,25300.0,40108.0,63.079684851,59.91141979,66.247949911,-0.641271014,13422.0,83887.0,16.0,0.5155320906,9769.0,25.4,20.173333333,30.626666667,0.4322970011,556.0,15.4,12.0,19.6,-1.384477158,13630.0,39913.0,34.149274672,30.846547842,37.452001502,0.6292298726,3305.0,608.55251044,1.0739341143,3.0,-0.526411742,10.0,-0.476129723,16.0,8.8349466314,0.3321280401,30340.0,19.0,1.9173992852,,,,,131.0,51.778656126,0.6865214379,California,181099.0,23.0,15.8,1.1,3.0,2.5,0.1,8.1,166624.0,4635.0,2.7817121183,50.9,31.0,8.4,6.8,10.3,181099.0,75.837,48.0,26.6,3761:1,7847.12,22955.0,21.1,19.312765957,22.887234043,645.0,17.2,93.0,52.676892403,1898:1,41058.0,39064.739394,43051.260606,30044.0,69100.0,43.479015919,33.8,9.5,4.5,17.2,4.981,3.74,6.222,53984.0,68231.0,79.119461828,11.0,23.0,47.8
6091.0,California,Sierra,,,,,,,,,,,,,,,,,,,,,,,,,,,,,,,,,,23.9,17.8,30.8,,19.1,13.2,26.1,,,,,,,x,13.0,54.112554113,24.696634616,83.528473609,,4.0,122.6,,,,,,,,467.0,18.4,16.374468085,20.425531915,,,,,,,,,537.0,58.926750877,37.479601931,80.373899824,,39.0,79.487179487,51.505594484,100.0,,,,,,,88.9,,340.0,566.0,60.070671378,0.0,100.0,,251.0,1593.0,15.8,,103.0,18.9,13.910909091,23.889090909,,,,,,,149.0,575.0,25.913043478,8.1964668486,43.629620108,,36.0,363.08623298,,0.0,,0.0,,0.0,0.0,,442.0,12.06,,,,,,1.0,33.333333333,,California,3174.0,18.0,18.7,0.3,2.3,0.2,0.1,9.8,3223.0,106.0,3.2888613093,49.6,100.0,8.9,6.6,12.0,,,0.0,0.0,3250:0,6913.85,406.0,20.5,18.117021277,22.882978723,,,2.0,59.29439668,1687:1,42800.0,37878.618182,47721.381818,433.0,1437.0,30.132219903,30.4,9.2,4.3,16.8,,,,1009.0,1566.0,64.431673052,1.0,5.0,20.0
6093.0,California,Siskiyou,,677.0,9061.03,8045.378,10076.682,1.3347742884,209.0,19.4,12.4,29.0,0.3326863528,208.0,4.3,2.9,5.7,0.5451415846,206.0,4.5,2.7,6.4,0.693491022,,245.0,3299.0,7.4,6.5,8.3,1.4474587087,206.0,20.8,13.5,30.6,1.547716746,25.4,20.7,30.6,0.2021421986,20.2,15.9,24.9,0.579329532,203.0,17.1,10.2,27.3,-0.260768887,,73.0,23.336999054,17.983476337,28.690521771,0.6553736764,76.0,170.6,-0.827117103,416.0,11078.0,37.6,33.9,41.2,-0.050521778,6714.0,19.0,17.212765957,20.787234043,0.0349194127,37,83.080723027,1204:1,54.0,121.3,825:1,-0.246161083,7688.0,49.613314766,44.509428325,54.717201206,-0.154904854,689.0,85.486211901,78.582311827,92.390111975,-1.453848171,623.0,64.686998395,57.96050514,70.502980291,-0.048555936,87.5,-1.315544404,5264.0,8863.0,59.39298206,54.393154193,64.392809927,-0.278485661,3344.0,18971.0,17.6,0.9369889822,2795.0,30.7,23.453939394,37.946060606,1.1901573079,187.0,17.9,11.3,27.0,-0.874663283,3390.0,9082.0,37.326580048,30.774468618,43.878691478,1.2176380356,492.0,368.89302102,-0.370023606,1.0,-0.707264856,0.0,-0.792795573,5.0,11.202222521,-0.129193379,3132.0,7.16,-0.092549051,,,,,34.0,38.202247191,-0.869052135,California,44634.0,21.0,19.4,1.6,4.4,1.3,0.2,10.3,42403.0,1625.0,3.8322760182,50.5,64.9,9.1,7.0,11.6,44634.0,65.503,9.0,20.2,4948:1,5617.59,5785.0,22.1,19.955319149,24.244680851,209.0,11.8,25.0,56.223996402,1779:1,36001.0,32553.775758,39448.224242,8422.0,20097.0,41.906752252,50.7,10.3,4.9,18.7,,,,11918.0,16646.0,71.596780007,13.0,21.0,61.9
6095.0,California,Solano,,4031.0,6844.52,6569.199,7119.841,-0.004233058,734.0,16.3,12.6,20.7,-0.203210328,731.0,4.0,3.1,4.9,0.1780054154,731.0,3.5,2.7,4.3,-0.260059133,,2860.0,40364.0,7.1,6.8,7.3,1.0620814297,717.0,14.0,10.7,18.2,-0.060437156,27.0,23.6,30.6,0.6396286961,21.3,18.2,24.9,0.9442242066,705.0,18.8,14.7,23.7,0.2862424549,,386.0,13.4225154,12.083466831,14.76156397,-0.614322509,1973.0,484.2,1.4994942048,3479.0,106097.0,32.8,31.7,33.9,-0.370810788,51536.0,14.5,13.427659574,15.572340426,-1.24039827,337,82.945066738,1206:1,431.0,106.1,943:1,0.0878081773,22371.0,44.367063323,41.608877241,47.125249405,-0.544958179,2104.0,71.102661597,67.499563115,74.705760079,2.5010241747,1405.0,48.896797153,45.434817241,52.779124618,2.971622853,70.4,0.6910903862,67469.0,111438.0,60.543979612,58.853135038,62.234824186,-0.391748128,25864.0,214954.0,12.0,-0.538110138,17893.0,17.9,15.049090909,20.750909091,-0.640146829,609.0,24.0,19.5,29.3,0.369282572,31523.0,102308.0,30.81186222,28.725120546,32.898603894,0.0111713299,6900.0,562.81367686,0.7983558678,24.0,1.372545954,9.0,-0.507796308,37.0,9.0856853799,0.2832654822,21030.0,5.52,-0.370954057,,,,,281.0,55.31496063,1.0917082482,California,407234.0,25.1,11.5,15.3,1.0,14.3,0.9,22.8,382905.0,46024.0,12.019691568,49.7,4.2,10.2,8.5,12.1,407234.0,348.77,147.0,36.2,2764:1,7663.34,44556.0,17.6,16.170212766,19.029787234,734.0,10.4,240.0,58.788515663,1701:1,62948.0,59745.478788,66150.521212,65908.0,139011.0,47.412075303,33.2,14.3,7.4,24.3,7.546,6.542,8.55,140087.0,184338.0,75.99464028,11.0,14.0,78.6
6097.0,California,Sonoma,,4096.0,5327.29,5099.91,5554.67,-0.920801049,1453.0,13.9,11.4,16.8,-0.618098081,1446.0,3.8,3.2,4.4,-0.066752031,1446.0,3.9,3.3,4.5,0.1213609289,,2238.0,40497.0,5.5,5.3,5.7,-0.993264058,1420.0,15.4,12.5,18.9,0.2706533529,22.9,20.4,25.6,-0.481430454,14.5,12.6,16.6,-1.311488327,1391.0,20.9,17.7,24.4,0.9619623483,,400.0,12.239508829,11.040036963,13.438980694,-0.765823988,840.0,180.0,-0.757378116,3045.0,115828.0,26.3,25.4,27.2,-0.804535489,64511.0,16.1,15.027659574,17.172340426,-0.786951983,501,107.41299762,931:1,752.0,161.2,620:1,-1.122830393,37258.0,36.920741535,34.99084589,38.850637179,-1.098584442,2510.0,77.689243028,74.240985797,81.137500259,0.689990862,2678.0,68.857356236,65.266906967,71.509828057,-0.846216847,76.6,-0.036461409,72386.0,121421.0,59.615717215,57.845063104,61.386371327,-0.300403633,26630.0,254195.0,10.5,-0.933225974,15489.0,14.8,12.067878788,17.532121212,-1.083423612,1260.0,20.2,17.2,23.7,-0.405634518,29594.0,104423.0,28.340499698,26.362716878,30.318282518,-0.446502614,5922.0,425.21750931,-0.030666379,4.0,-0.435985185,0.0,-0.792795573,60.0,12.709117945,-0.422848689,29643.0,6.57,-0.192706949,,,,,279.0,37.5,-0.949515031,California,472102.0,22.2,13.7,1.8,1.6,4.0,0.3,23.6,446119.0,50236.0,11.260672601,50.4,14.3,6.8,5.7,8.0,472102.0,298.23,360.0,77.2,1296:1,7347.92,56833.0,19.1,17.670212766,20.529787234,1453.0,14.6,347.0,74.247468739,1347:1,58703.0,55304.478788,62101.521212,86723.0,184033.0,47.1236137,29.0,11.3,5.7,19.7,2.876,2.294,3.458,168383.0,226243.0,74.425728089,24.0,33.0,72.7
6099.0,California,Stanislaus,,5130.0,7370.83,7119.774,7621.886,0.3137140553,1202.0,22.8,19.5,26.5,0.9204440025,1198.0,4.0,3.4,4.6,0.1780054154,1193.0,3.5,3.0,4.0,-0.260059133,,3771.0,58537.0,6.4,6.2,6.6,0.1628677786,1171.0,16.6,13.5,20.2,0.554445218,30.5,26.9,34.4,1.5966304093,24.0,21.0,27.3,1.8398747715,1154.0,18.1,14.7,22.0,0.0610024904,,619.0,17.622133628,16.233878657,19.010388598,-0.076499317,1717.0,336.2,0.4014761131,6843.0,142687.0,48.0,46.8,49.1,0.6434377429,90325.0,20.2,19.008510638,21.391489362,0.3750041281,382,75.278352547,1328:1,554.0,109.2,916:1,0.0196960255,27190.0,73.782459143,70.440968043,77.123950243,1.6420458358,3919.0,80.964531768,78.147343677,83.78171986,-0.210576007,2264.0,62.058303887,58.479626707,64.932854462,0.4542322976,74.7,0.186498012,66401.0,138244.0,48.03174098,46.625089961,49.438391999,0.8395029843,41346.0,237400.0,17.4,0.8843068707,40861.0,28.2,25.23030303,31.16969697,0.8326760311,900.0,24.2,20.4,28.5,0.410067682,45628.0,146808.0,31.080050134,29.244154869,32.915945398,0.0608373012,8757.0,564.63733802,0.809343497,33.0,2.1863849667,25.0,-0.001130949,40.0,7.8372209215,0.5265592182,39268.0,8.91,0.2045294616,,,,,314.0,54.137931034,0.9568451823,California,510385.0,29.2,10.5,3.3,1.6,5.2,0.5,40.3,469170.0,79557.0,16.956966558,50.4,8.9,8.3,6.9,9.9,510385.0,124.31,88.0,17.3,5766:1,8506.39,77645.0,25.7,24.031914894,27.368085106,1203.0,17.3,249.0,49.031770224,2039:1,47442.0,44779.963636,50104.036364,78418.0,163841.0,47.8622567,47.1,21.3,11.5,34.8,5.921,5.115,6.727,160204.0,201003.0,79.702293001,20.0,22.0,90.9
6101.0,California,Sutter,,922.0,6724.27,6162.534,7286.006,-0.076876824,198.0,24.6,16.9,34.2,1.2316098171,196.0,3.8,2.5,5.0,-0.066752031,197.0,2.5,1.7,3.3,-1.213609289,,570.0,9983.0,5.7,5.3,6.2,-0.736345872,,,,,0.0,26.5,21.6,32.1,0.5029141656,22.3,17.8,27.3,1.2759466381,186.0,12.7,7.5,20.7,-1.67656295,,141.0,22.794288818,19.031823011,26.556754625,0.5858716085,228.0,247.3,-0.258076646,1031.0,22354.0,46.1,43.3,48.9,0.5166566766,17066.0,21.5,19.712765957,23.287234043,0.7434292364,85,92.263939996,1084:1,121.0,131.3,761:1,-0.465877702,9698.0,68.341482697,63.004814602,73.678150791,1.2375149089,1419.0,78.153629316,73.55382402,82.753434613,0.562304133,832.0,64.182692308,58.391899836,69.215215748,0.0479022737,73.8,0.2921103694,13180.0,24966.0,52.791796844,49.157256392,56.426337296,0.3710956715,8325.0,42103.0,19.8,1.5164922081,6056.0,23.5,18.273333333,28.726666667,0.1606112308,,,,,0.0,7536.0,25911.0,29.084172745,25.491967738,32.676377752,-0.308781105,1025.0,366.87068256,-0.382208273,6.0,-0.255132071,25.0,-0.001130949,10.0,10.797503617,-0.050324034,9655.0,12.47,0.8088720357,,,,,54.0,48.214285714,0.2781188592,California,92614.0,27.7,12.9,2.4,1.7,13.3,0.2,28.0,86278.0,17712.0,20.528987691,50.1,15.0,8.3,6.5,10.5,92614.0,61.036,11.0,11.9,8375:1,7264.37,14433.0,26.7,24.317021277,29.082978723,199.0,19.2,59.0,63.468841102,1576:1,46188.0,43048.436364,49327.563636,13056.0,31373.0,41.615401779,41.8,19.2,10.0,31.8,5.496,3.648,7.344,28374.0,37771.0,75.121124672,6.0,8.0,75.0
6103.0,California,Tehama,,815.0,8680.43,7858.68,9502.18,1.1048514836,228.0,27.5,19.6,37.1,1.7329325184,227.0,6.2,4.2,8.2,2.8703373232,226.0,5.2,3.7,6.6,1.3609761307,,308.0,5416.0,5.7,5.1,6.3,-0.736345872,222.0,19.2,12.5,28.4,1.1693275925,25.3,20.6,30.7,0.1747992925,17.5,13.5,22.4,-0.316321033,218.0,16.7,10.9,24.9,-0.389477439,,101.0,23.952039006,19.280737766,28.623340246,0.7341386338,163.0,264.8,-0.128243426,769.0,15144.0,50.8,47.2,54.4,0.8302729987,10491.0,20.7,18.793617021,22.606382979,0.5167060928,24,39.252244738,2548:1,33.0,54.0,1853:1,1.232531762,9852.0,46.720356962,42.278467379,51.162246545,-0.369993251,1123.0,71.593944791,66.645094233,76.542795349,2.3659419261,865.0,63.930635838,58.194567893,68.77738538,0.096112907,76.2,0.0104774164,6999.0,14562.0,48.063452822,43.627508071,52.499397574,0.8363824203,3973.0,25116.0,15.8,0.4628499792,4916.0,31.1,24.329090909,37.870909091,1.2473543121,184.0,24.4,17.1,33.5,0.450852792,5933.0,16117.0,36.812061798,30.32236383,43.301759766,1.1223539182,1159.0,624.89890548,1.1724217785,4.0,-0.435985185,34.0,0.2838683149,3.0,4.9069318591,1.0975974795,1482.0,2.69,-0.851372451,,,,,34.0,47.887323944,0.2406558532,California,61138.0,25.0,15.2,1.0,2.4,1.3,0.1,21.2,58274.0,5165.0,8.8633009575,50.4,49.0,9.6,7.4,12.0,61138.0,49.473,4.0,6.5,15286:1,7558.55,9027.0,25.2,22.817021277,27.582978723,228.0,20.2,21.0,33.790850725,2959:1,38188.0,34454.49697,41921.50303,9397.0,23510.0,39.970225436,52.8,14.7,9.4,22.8,,,,17142.0,22473.0,76.278200507,3.0,8.0,37.5
6105.0,California,Trinity,,244.0,10546.16,8387.965,12704.355,2.231950471,,,,,0.0,61.0,5.7,2.7,8.8,2.2584437078,62.0,9.2,4.5,13.8,3.0,,47.0,806.0,5.8,4.2,7.4,-0.607886779,,,,,0.0,23.6,18.3,29.7,-0.290030111,22.9,16.9,30.5,1.4749800969,,,,,0.0,,40.0,41.343669251,28.531133408,54.156205093,2.9613939664,10.0,69.8,-1.574956452,78.0,3084.0,25.3,19.7,30.9,-0.871262366,1936.0,19.0,17.093617021,20.906382979,0.0349194127,6,42.811273635,2336:1,12.0,85.6,1168:1,0.5382272461,2141.0,65.990873938,54.513617354,77.468130522,1.0627495981,188.0,73.404255319,61.157028381,85.651482257,1.8681825486,186.0,56.451612903,45.313664526,66.748516736,1.5266194653,82.4,-0.717074379,1649.0,2743.0,60.116660591,45.664241195,74.569079986,-0.349698337,951.0,5073.0,18.7,1.2267405952,766.0,31.3,22.153333333,40.446666667,1.2759528143,,,,,0.0,1042.0,2300.0,45.304347826,33.066425779,57.542269873,2.6950483337,65.0,150.8855823,-1.68352688,19.0,0.9204131692,0.0,-0.792795573,2.0,14.119308154,-0.69765863,1388.0,10.85,0.5338622127,,,,,15.0,60.0,1.6285161382,California,14165.0,17.4,26.8,0.5,4.8,0.7,0.1,5.2,13038.0,192.0,1.4726184998,49.3,100.0,10.4,7.8,13.6,14165.0,48.418,3.0,21.4,4672:1,8030.67,1709.0,22.0,19.736170213,24.263829787,,,5.0,36.635404455,2730:1,35207.0,31703.945455,38710.054545,1815.0,5889.0,30.820173204,46.3,9.7,4.6,17.8,,,,3085.0,5067.0,60.884152358,2.0,9.0,22.2
6107.0,California,Tulare,,4185.0,8082.38,7788.556,8376.204,0.7435657941,947.0,26.5,23.0,30.4,1.5600626214,938.0,5.1,4.3,6.0,1.5241713693,939.0,5.1,4.2,5.9,1.2656211152,,3424.0,56451.0,6.1,5.9,6.3,-0.2225095,918.0,18.9,15.0,23.6,1.0983796262,31.2,27.2,35.3,1.7880307519,24.3,20.7,28.5,1.9393915009,892.0,18.5,14.5,23.3,0.1897110415,,674.0,23.626930073,21.843182402,25.410677744,0.6925036292,1596.0,374.4,0.6848834854,8303.0,120728.0,68.8,67.3,70.3,2.0313567855,89238.0,23.5,22.070212766,24.929787234,1.3102370953,226,53.511008825,1869:1,292.0,69.1,1446:1,0.9007596674,33004.0,73.567296538,70.571737721,76.562855355,1.6260487204,4595.0,77.889009793,75.337181756,80.440837831,0.63506339,2591.0,63.759166345,60.304572577,66.415342362,0.1289097358,75.0,0.1512938929,48584.0,114386.0,42.473729303,41.01482943,43.932629176,1.3864321357,34960.0,207727.0,16.8,0.7262605364,47902.0,33.6,29.798787879,37.401212121,1.6048355889,790.0,30.7,26.2,35.6,1.7355837569,45571.0,139295.0,32.715459995,30.625593434,34.805326556,0.3637003875,6683.0,520.99249733,0.5463816389,12.0,0.2874272704,104.0,2.50052926,20.0,4.6547566959,1.1467399578,63876.0,17.62,1.6831316582,,,,,202.0,49.631449631,0.4404963148,California,429668.0,32.9,9.4,2.1,1.9,3.6,0.2,58.3,389046.0,90535.0,23.271027076,49.6,18.8,7.7,6.3,9.4,429668.0,60.673,78.0,18.5,5415:1,8015.35,74793.0,30.8,29.012765957,32.587234043,947.0,19.2,171.0,40.507888378,2469:1,42377.0,40158.042424,44595.957576,52482.0,126664.0,41.43403019,58.5,31.5,18.0,48.0,9.079,7.974,10.184,119552.0,161697.0,73.935818228,19.0,25.0,76.0
6109.0,California,Tuolumne,,736.0,7521.34,6684.048,8358.632,0.4046380736,244.0,14.3,9.4,21.2,-0.548950122,243.0,3.9,2.7,5.1,0.0556266923,241.0,4.0,2.6,5.4,0.2167159444,,161.0,3289.0,4.9,4.2,5.6,-1.764018616,237.0,21.5,14.7,30.4,1.7132620007,23.1,19.0,27.8,-0.426744641,19.3,15.0,24.3,0.2807793438,233.0,25.3,18.2,34.0,2.3777564108,,100.0,25.172938085,20.23904222,30.106833949,0.8904928079,70.0,125.8,-1.159490147,318.0,11854.0,26.8,23.9,29.8,-0.77117205,7426.0,17.2,15.412765957,18.987234043,-0.47520766,45,80.911967779,1236:1,61.0,109.7,912:1,0.0087101945,9513.0,32.263686116,28.594313373,35.933058859,-1.444831658,806.0,80.148883375,73.968188721,86.329578028,0.0136930508,746.0,69.436997319,62.991816295,74.863571586,-0.957084319,81.8,-0.646666141,6364.0,12613.0,50.455878855,45.925349766,54.986407944,0.6009587444,3583.0,25615.0,14.0,-0.011289024,2011.0,21.5,15.679393939,27.320606061,-0.125373791,211.0,15.4,10.2,22.6,-1.384477158,2537.0,9820.0,25.83503055,19.983823402,31.686237698,-0.910492795,415.0,247.05910368,-1.104077683,0.0,-0.797691413,6.0,-0.602796063,9.0,16.311735387,-1.124906525,244.0,0.49,-1.224842581,,,,,29.0,31.868131868,-1.594809768,California,55175.0,17.3,20.1,2.3,2.1,1.1,0.2,10.4,53635.0,1272.0,2.3715857183,47.1,46.6,7.5,5.7,9.5,55175.0,83.498,18.0,32.4,3090:1,7230.22,6650.0,19.7,17.436170213,21.963829787,244.0,15.4,41.0,72.773744653,1374:1,44751.0,41101.836364,48400.163636,9995.0,22192.0,45.038752704,31.3,9.3,4.5,16.5,,,,15863.0,20285.0,78.200640868,7.0,10.0,70.0
6111.0,California,Ventura,,5947.0,5290.36,5112.921,5467.799,-0.943110689,1733.0,14.3,11.8,17.2,-0.548950122,1727.0,3.6,3.0,4.1,-0.311509477,1726.0,3.6,3.1,4.2,-0.164704118,,5518.0,84448.0,6.5,6.4,6.7,0.2913268716,1681.0,13.8,11.5,16.4,-0.107735801,23.3,20.7,25.9,-0.372058829,17.0,15.0,19.1,-0.482182249,1647.0,18.0,15.2,21.3,0.0288253526,,586.0,10.530706264,9.6780681101,11.383344417,-0.984661416,2322.0,291.1,0.0668773567,7403.0,206088.0,35.9,35.1,36.7,-0.163957469,126443.0,18.1,17.027659574,19.172340426,-0.220144124,682,85.810125595,1165:1,974.0,122.5,816:1,-0.272527078,65264.0,45.869401716,44.185935574,47.552867859,-0.433260886,6508.0,81.668715427,79.473080344,83.86435051,-0.404196944,5093.0,66.542312979,63.91473521,68.368476835,-0.403420429,78.5,-0.25942083,129501.0,216846.0,59.720262306,58.470710065,60.969814547,-0.310691262,46607.0,430924.0,10.8,-0.854202807,31691.0,15.3,12.567878788,18.032121212,-1.011927357,1459.0,23.5,20.4,27.0,0.267319797,52330.0,211450.0,24.748167415,23.35215421,26.14418062,-1.111769999,6278.0,261.65038124,-1.01616467,0.0,-0.797691413,39.0,0.4422012396,86.0,10.710064846,-0.033284457,44560.0,5.99,-0.291167256,,,,,545.0,48.791405551,0.3442447671,California,802983.0,26.1,11.8,2.2,1.3,6.7,0.3,38.5,753327.0,125327.0,16.636467298,49.8,3.1,7.3,6.2,8.5,802983.0,114.44,334.0,42.0,2380:1,8822.83,107215.0,21.9,20.589361702,23.210638298,1734.0,12.8,559.0,69.872641798,1431:1,71418.0,69634.993939,73201.006061,122296.0,264305.0,46.270785645,32.7,15.9,8.2,26.9,3.971,3.448,4.494,294273.0,378652.0,77.715950266,21.0,23.0,91.3
6113.0,California,Yolo,,1386.0,5267.72,4917.684,5617.756,-0.956787653,487.0,14.1,10.2,19.2,-0.583524101,483.0,3.8,2.9,4.8,-0.066752031,484.0,3.0,2.2,3.7,-0.736834211,,952.0,17505.0,5.4,5.1,5.8,-1.121723151,480.0,7.4,5.0,10.9,-1.621292415,26.3,22.1,30.6,0.4482283534,16.2,13.1,19.6,-0.747560194,471.0,19.6,14.4,26.1,0.5436595571,,159.0,12.093268765,10.213513915,13.973023615,-0.78455219,497.0,251.4,-0.227658577,1437.0,66636.0,21.6,20.4,22.7,-1.118151811,28444.0,16.1,14.670212766,17.529787234,-0.786951983,270,137.32141858,728:1,379.0,192.8,519:1,-1.817134909,9071.0,32.051199236,28.316917011,35.785481461,-1.460629836,839.0,80.929678188,74.842318028,87.017038349,-0.200992736,622.0,66.720257235,59.893157106,72.644999906,-0.43745568,75.6,0.0808856547,33208.0,51001.0,65.112448776,62.551918692,67.672978859,-0.841302592,12707.0,98039.0,13.0,-0.274699581,8530.0,18.9,15.336363636,22.463636364,-0.497154318,425.0,23.6,17.8,30.7,0.287712352,12017.0,44357.0,27.09155263,23.978870382,30.204234878,-0.677796293,1856.0,315.58829331,-0.691186658,11.0,0.1970007134,15.0,-0.317796799,16.0,8.0237905389,0.4902015799,11755.0,7.2,-0.085758685,,,,,138.0,53.076923077,0.8352757785,California,199407.0,23.1,9.8,3.1,1.4,11.8,0.6,29.0,183950.0,27077.0,14.719760805,50.9,9.4,7.3,5.9,9.0,199407.0,81.023,161.0,81.9,1221:1,6178.06,25000.0,19.1,17.193617021,21.006382979,487.0,10.9,95.0,48.883651763,2046:1,54433.0,50520.127273,58345.872727,31266.0,69386.0,45.060963307,35.3,15.9,7.9,27.0,,,,60340.0,87078.0,69.294196008,10.0,13.0,76.9
6115.0,California,Yuba,,888.0,9211.75,8472.046,9951.454,1.4258251689,206.0,22.2,16.0,30.0,0.8167220643,206.0,3.6,2.6,4.7,-0.311509477,205.0,4.6,3.3,6.0,0.7888460375,,576.0,8721.0,6.6,6.1,7.1,0.4197859646,203.0,13.6,9.0,20.2,-0.155034445,31.2,25.7,37.1,1.7880307519,24.6,19.7,30.4,2.0389082304,198.0,15.8,9.7,24.7,-0.679071679,,111.0,23.461476678,19.096821635,27.826131722,0.6713148762,207.0,283.3,0.0090088357,1116.0,17730.0,62.9,59.3,66.6,1.6376682109,12380.0,19.1,17.312765957,20.887234043,0.0632598057,19,26.075619296,3835:1,28.0,38.4,2602:1,1.5752896875,6146.0,81.861662141,74.413010914,89.310313369,2.2427261566,870.0,78.275862069,72.396768467,84.154955671,0.5286952588,493.0,57.403651116,50.408147814,63.703256904,1.3445239004,57.3,2.2283369214,9562.0,19377.0,49.347164164,45.62299745,53.071330878,0.7100604197,5387.0,28143.0,19.1,1.3321048181,5847.0,28.2,21.191515152,35.208484848,0.8326760311,182.0,28.1,20.4,37.3,1.205377327,6829.0,20520.0,33.279727096,27.558707184,39.000747008,0.4681975412,1030.0,469.95268535,0.2388647919,5.0,-0.345558628,1.0,-0.761128988,3.0,4.1138155639,1.2521555249,14332.0,24.27,2.8120300058,,,,,30.0,55.555555556,1.1192754135,California,72925.0,29.2,9.5,3.5,2.7,7.6,0.3,23.5,64903.0,8300.0,12.78831487,49.7,30.1,7.0,5.3,9.1,72925.0,55.972,5.0,6.9,14573:1,7782.36,10567.0,24.1,21.59787234,26.60212766,206.0,15.4,10.0,14.132078405,7076:1,41045.0,36950.381818,45139.618182,10120.0,23750.0,42.610526316,51.0,18.4,9.5,30.9,5.284,3.212,7.356,20438.0,26731.0,76.458044967,5.0,12.0,41.7
,,,,,,,,,,,,,,,,,,,,,,,,,,,,,,,,,,,,,,,,,,,,,,,,,,,,,,,,,,,,,,,,,,,,,,,,,,,,,,,,,,,,,,,,,,,,,,,,,,,,,,,,,,,,,,,,,,,,,,,,,,,,,,,,,,,,,,,,,,,,,,,,,,,,,,,,,,,,,,,,,,,,,,,,,,,,,,,,,,,,,,,,,,,,,
,,,,,,,,,,,,,,,,,,,,,,,,,,,,,,,,,,,,,,,,,,,,,,,,,,,,,,,,,,,,,,,,,,,,,"*Recently, we detected an error in our estimates of Primary Care Physicians.  The number of General Practice Physicians was double counted.  As a result, the estimate of Primary Care Physicians was incorrect.  We have corrected the errors.   The correct estimates of the rate of Primary Care Physicians are available on our website and in the downloadable data files.  The specific county Rankings for 2010 - 2012 will not be recalculated based on the updated data.  The old data that the Rankings are based on is included in all Data Files.  You can find all data files at: http://www.countyhealthrankings.org/rankings/ranking-methods/download-rankings-data",,,,,,,,,,,,,,,,,,,,,,,,,,,,,,,,,,,,,,,,,,,,,,,,,,,,,,,,,,,,,,,,,,,,,,,,,,,,,,,,,,,,,,,,,,,,,,,,,,,,,,,,,,,,,,,,,,,,,,,,
