FIPS,State,County,Average Life Expectancy (years),Days of Poor Physical Health (days/month),Days of Poor Mental Health (days/month),Students Graduating from High School (%),Some College (%),Children in Poverty (%),Limited Access to Healthy Foods (%),Physically Inactive (%),Insufficient Sleep (%),"Primary Care Doctor Rate (doctors/100,000)","Mental Health Providers (providers/ 100,000)",Median Household Income ($),Homeowners (%),Rural Living (%),Non-Hispanic Black (%),Asian (%),Hispanic (%),Non-Hispanic White (%),Population,"Motor Vehicle Death Rate (deaths/100,000 people)","Drug Overdose Death Rate (deaths/100,000 people)",Broadband Access (%),Teen Birth Rate (births/per teens),"Firearm Death Rate (deaths/ 100,000 people)",Severe Housing Problems (%),Proficient in English (%),Air Pollution (fine particulate matter in micrograms/cubic meter of air),Smokers (%)
47000,Tennessee,,73.514063452,4.7397601388,6.2928638828,90.395221489,63.359125614,18.9,8.8729312359,26.5,39.8,4854.0,200.19676,67651,67.026553205,33.766633289,16.079657178,2.1174943229,7.5184428124,71.987299777,1852363,17.17009693,51.029505449,87.447083388,23.064688421,20.340412154,13.28059622,98.152197697,7.0,19.2
47001,Tennessee,Anderson,72.601132472,5.0831860613,6.648976263,95.014705882,64.086623148,18.2,2.6408467875,25.1,37.1,39.0,118.40367,61009,71.049923602,36.520882227,3.9758705786,1.5504648902,4.2849664731,87.484108981,19302,13.340744858,96.561801689,88.477969379,26.260226973,15.741651119,12.18724778,99.1941035921,7.7,17.3
47003,Tennessee,Bedford,72.80204165,4.918302891,6.5410667982,90.0,47.64318297,19.0,8.9272984831,29.8,40.7,15.0,73.50862,69272,70.178863504,55.108784362,7.6317029498,1.1817924795,16.311374988,72.632174159,13811,15.247410817,35.889538526,85.094707962,39.087371772,19.444521605,13.487852555,97.5450901804,7.1,22.0
47005,Tennessee,Benton,70.544268943,5.5789683119,6.8963921529,97.5,48.150490041,27.3,5.7688721062,30.4,41.3,4.0,43.47016,52795,74.653579677,100.0,2.5461094206,0.6582624356,3.1112215115,91.28112774,3163,33.823175996,39.579210499,75.360854503,34.52991453,29.869693462,10.368663594,99.9274166942,6.8,24.1
47007,Tennessee,Bledsoe,76.296763717,5.9268933072,7.0068921449,92.5,23.891684639,28.1,1.8957478556,32.2,41.0,2.0,33.20053,50731,79.135494597,100.0,5.411686587,0.3386454183,3.8645418327,88.120849934,4173,24.888480463,24.306706441,82.06566916,40.120361083,14.65220982,13.163265306,99.7548504588,7.0,26.1
47009,Tennessee,Blount,74.794861658,4.5636709603,6.0398559621,93.898324448,57.764933729,13.1,8.5770960034,24.3,39.4,94.0,173.90567,77206,76.95274477,37.200620934,2.8595464314,0.9508256985,4.829770388,89.328130302,33046,12.187951034,56.510329506,87.83816048,20.9847249,14.924248357,10.60475781,99.1176044028,6.6,18.1
47011,Tennessee,Bradley,73.745858752,4.7299088106,6.3535166179,94.989949749,61.1391387,19.3,12.368771695,24.6,38.1,53.0,151.46219,61440,67.527261447,31.948075861,4.918488246,1.3299993726,8.6288638543,82.856092992,27354,12.454686142,39.411973358,87.878498652,22.447615678,14.503769144,12.832722833,97.9571543044,7.9,17.8
47013,Tennessee,Campbell,68.555815731,5.8173844705,7.0290237025,87.0,43.480152257,25.7,6.3311177582,30.7,38.6,14.0,59.66735,50443,67.340953977,48.782847831,0.5867289859,0.445019019,1.670685926,95.686547498,9195,18.35945656,74.790544458,76.683224609,37.041884817,23.182679515,12.734201334,99.7782349641,7.4,23.2
47015,Tennessee,Cannon,71.276668789,5.1898675157,6.6359269056,92.5,52.071638599,21.8,0.7438386169,29.4,40.0,3.0,26.55514,60098,77.189588463,100.0,2.1775210781,0.5377414858,3.332669455,91.774546903,3741,28.551456617,63.365619625,79.546253957,29.728725381,16.364826533,11.287477954,99.7032426173,6.9,22.5
47017,Tennessee,Carroll,70.626868294,5.1781701269,6.6724497457,89.852941176,55.864438544,21.9,3.4253596224,32.3,40.6,10.0,55.44006,51159,74.809024694,82.102672293,9.8302148302,0.4851004851,3.3056133056,83.808038808,6403,22.911490367,16.534977383,78.184402203,26.930815663,22.782935581,9.7361237489,99.8367346939,7.0,25.3
47019,Tennessee,Carter,72.711614758,5.4840604181,7.0067950056,86.500782473,58.01503531,23.0,23.050542941,30.3,44.2,17.0,68.39465,48885,74.069786671,40.737454752,2.0307951317,0.5454035285,2.7375398969,92.87117253,13169,14.694928223,44.388679111,80.027286258,25.883716438,24.493794905,10.065831387,99.6144764997,6.2,23.1
47021,Tennessee,Cheatham,72.253616469,4.6861003825,6.2658736633,90.0,60.670032125,12.4,1.4028548055,25.2,38.1,24.0,87.56567,82030,81.946190596,100.0,2.9985326833,0.5892933213,4.87764472,89.281488143,10895,26.944745775,92.403619008,89.32612522,16.759776536,15.080755011,8.4282460137,99.2700543631,7.8,17.9
47023,Tennessee,Chester,72.816933933,5.2809454909,6.664382138,97.5,57.550622103,21.3,4.5441522587,31.7,42.6,5.0,96.55799,65714,76.630348966,65.941987198,8.9344541634,0.7383846416,3.5385663978,84.209928433,4099,21.36576547,,86.104531817,15.992292871,14.922289309,8.8379705401,99.7939893359,6.7,24.7
47025,Tennessee,Claiborne,71.050323106,5.5099459943,6.8965230643,92.0,53.963608602,27.0,4.4385569921,30.2,40.2,17.0,21.43688,53195,71.603745541,71.329151453,1.2280271942,0.9769094139,1.8129478777,94.300851351,7859,17.426117729,48.593376826,75.178359096,23.500925794,17.452442095,11.558538404,99.8524009446,7.5,24.6
47027,Tennessee,Clay,71.886187282,5.7904936325,7.0471381931,97.5,40.887372014,29.8,0.084767096,32.9,39.3,3.0,,46575,77.569509528,100.0,1.5037593985,0.1685247602,3.007518797,93.349753695,1465,29.855759363,,75.913776945,24.390243902,31.466331026,10.25210084,98.0690221857,7.2,25.1
47029,Tennessee,Cocke,68.032550012,5.8450700961,7.145244907,92.0,38.680304353,28.7,11.194435694,33.9,42.8,14.0,56.143730000000005,47491,71.163129009,67.893552599,2.0425622928,0.5560902577,3.2162335579,91.805689231,8017,22.612317763,64.827158014,75.619916683,35.155096012,19.856591285,12.517433752,99.5552971952,6.8,25.0
47031,Tennessee,Coffee,71.754545636,5.1967844348,6.8832451214,90.879746835,49.761839956,19.4,5.2987902083,30.4,40.6,31.0,217.70323,65038,70.246556111,46.076111178,3.9565912952,1.3045701186,6.5393432619,85.446868867,14696,20.083950915,37.983582022,80.674738966,30.829141652,19.056726678,12.134731207,98.7699052519,7.0,24.5
47033,Tennessee,Crockett,71.683926391,5.1776502484,6.7096604607,96.0,50.473372781,20.5,6.5417581261,31.1,42.1,,,56083,68.875136513,100.0,14.089543699,0.5292518953,11.586325275,71.763696181,3380,30.154087387,,86.203130688,35.158680772,14.163302882,13.277623027,97.2072140629,7.1,21.5
47035,Tennessee,Cumberland,73.424892111,5.2543922257,6.4459111372,92.0,42.305747514,24.3,10.92216765,29.1,37.7,40.0,40.14824,60632,80.238277407,53.943903835,0.7936998147,0.7334774552,3.7152563311,93.236565781,11866,18.801321733,54.911076044,85.608627537,33.952594491,23.394169003,9.6135721018,99.7645172604,7.0,21.3
47037,Tennessee,Davidson,75.084283803,4.2331634637,6.1135614261,78.896135635,74.60268986,17.3,8.2107628446,27.1,37.1,637.0,434.34681,80216,53.417594365,3.1425482341,25.383176993,3.8029912934,13.748045159,54.585349008,245589,13.617718397,71.548180127,91.597314498,24.27244582,19.467484148,17.132307902,94.2840174967,9.7,18.0
47039,Tennessee,Decatur,70.714771133,5.4588232913,6.7829378335,97.5,47.806661251,24.0,2.8284939854,33.2,42.8,3.0,128.68909,52000,74.971840505,100.0,2.5308853809,0.8407687028,3.9464653397,90.828757721,2462,24.556449137,37.620094918,79.049335436,15.81027668,17.263703064,12.0,99.8627755924,6.5,25.5
47041,Tennessee,DeKalb,71.672752148,5.6022122088,6.7476583773,92.5,44.885679904,22.0,7.1748276368,33.3,39.3,8.0,47.11425,57936,68.864037669,75.971115538,1.6348645465,1.2438162544,7.8351001178,87.265017668,4986,18.992817901,67.396257903,79.387875221,32.681420484,13.599362773,11.713395639,98.4872360542,6.9,25.3
47043,Tennessee,Dickson,73.097891592,4.8020214493,6.6783593484,94.0,59.413037598,13.6,3.9065369585,27.2,39.5,17.0,121.63091,74028,80.281623364,69.54248366,3.8710359781,0.7244971708,5.1966366409,87.755821537,14788,19.849356616,64.075827092,85.01801631,24.961423255,19.059976615,9.9160945843,99.6130597159,7.2,20.2
47045,Tennessee,Dyer,69.934742733,5.1305335661,6.599986036,97.185851319,53.158362989,23.9,14.911284396,32.0,43.3,12.0,82.19628,57548,62.38242408,54.376239776,15.187133542,0.6986684202,4.137212998,77.543975012,8992,24.675364733,20.05140451,87.221177103,33.714854441,24.973262322,11.493860846,99.4282231381,6.2,24.7
47047,Tennessee,Fayette,75.204135394,4.5915597257,6.1734210442,87.5,62.613695766,18.5,4.8527019617,24.5,37.5,13.0,31.69213,76680,80.747160789,74.686830198,27.477079796,0.948500283,3.9660441426,66.211658178,9565,20.04506684,32.010743118,88.798565451,17.992289019,22.88744147,9.7614563716,99.0290783637,8.4,16.8
47049,Tennessee,Fentress,70.057984243,5.6690168633,6.9212276463,97.5,53.046776233,26.6,0.1175137123,32.4,40.8,6.0,40.61738,47860,80.560602128,100.0,0.5838748985,0.5991064175,2.3456539399,94.978675873,3955,24.638506906,49.149537468,83.480404879,29.207232267,24.544067272,8.9993284083,99.9051445151,6.7,26.4
47051,Tennessee,Franklin,73.77983791,5.0773208767,6.6211835427,93.0,50.42088439,19.1,6.3925585485,29.4,41.0,24.0,62.704350000000005,64243,76.381821372,67.903399261,4.7185022618,0.9495229991,3.8160075245,87.922694495,9385,16.829803563,24.683358788,78.861788618,19.624255952,23.392907271,11.75220164,99.6076151722,7.1,23.1
47053,Tennessee,Gibson,70.322111207,5.3233103514,6.6468107682,95.582064298,53.733905579,19.2,10.612471145,30.8,41.1,20.0,39.18111,57630,66.782764454,70.774752622,17.470859046,0.554412773,3.6007444412,76.013321579,12815,25.343651271,27.900117579,86.391680764,25.36101083,20.103331122,10.445073321,99.2922398404,7.2,22.5
47055,Tennessee,Giles,71.578770066,5.1142510971,6.6128506872,86.0,51.47779593,21.9,4.8451695056,30.7,41.5,11.0,65.10205,60422,73.988044406,73.11672049,9.5341948504,0.5077959702,3.1151329709,83.984896325,6733,29.764619469,30.8962108,82.561912895,22.310513447,20.054414311,10.706450197,99.648267456,6.9,23.2
47057,Tennessee,Grainger,71.337687188,5.4853455142,6.7415327437,92.0,50.289449113,21.7,,32.9,40.5,3.0,20.2585,57132,78.664018398,84.430654142,1.0412868198,0.3038774766,3.7113569142,93.351160812,5355,30.434729679,64.24132393,77.033242735,30.350719424,21.173879902,12.252541466,99.1234221599,7.7,25.7
47059,Tennessee,Greene,71.985636846,5.5172941477,6.9135189227,95.714798851,47.666501609,19.8,11.135751498,32.2,42.0,37.0,115.73915,54188,75.908589328,67.329513057,2.2803367458,0.5966077407,4.013668242,91.304407732,16156,24.426490632,44.896666777,77.560246325,26.174730247,17.440879707,10.083727703,99.6290877924,6.9,23.4
47061,Tennessee,Grundy,69.66893117,5.5431859715,6.7492257337,92.5,41.122674235,26.9,3.7450745722,29.7,38.5,,57.32712000000001,41370,83.21582452,100.0,1.2826943748,0.6019347904,2.020781082,93.780007166,3171,28.597756665,61.139642944,82.530356443,46.324655436,31.036164521,10.031023785,99.8444548141,6.8,23.0
47063,Tennessee,Hamblen,71.057029024,5.5869320159,6.9928121493,93.0,50.893843854,21.7,14.538606606,29.8,40.7,37.0,225.02114,55904,68.336050936,22.660816447,3.50368491,1.1477588498,15.141355564,77.821070436,15383,12.823035478,48.781489735,86.32657815,32.133856063,12.953008336,12.076011443,96.1838197897,7.5,20.9
47065,Tennessee,Hamilton,75.599814628,4.2515075989,6.0995730949,89.0,73.331354213,19.0,13.207216972,25.8,38.0,403.0,281.15325,73319,64.348119168,12.506041665,17.741086284,2.344260051,8.1734515511,69.523566329,101055,11.920901314,44.196260082,90.353300378,20.233041279,17.157681256,12.979921313,97.6678663769,8.5,18.2
47067,Tennessee,Hancock,70.800162348,6.4748138805,7.4073986258,87.5,47.584856397,36.0,0.5063095466,37.2,42.7,,14.37608,39077,72.664983772,100.0,0.7331799885,0.3018976423,1.0638297872,95.816561242,1532,23.670676336,,66.606563289,33.101045296,,14.385964912,99.6417445483,7.0,31.2
47069,Tennessee,Hardeman,70.329628856,5.5216919126,6.3990730583,86.0,37.723371324,29.5,6.9534824625,33.5,45.0,4.0,152.54038,47551,71.157033926,79.259288351,41.09594399,0.9152423045,2.221613799,53.694215199,7107,30.518302504,25.068939584,79.920433197,32.292557742,26.971069562,13.079470199,99.6241067372,7.4,24.5
47071,Tennessee,Hardin,70.808493215,5.7470110006,6.9774067348,89.0,48.797953964,24.2,7.382664825,28.1,39.9,15.0,113.8492,49126,78.002400074,67.097760054,3.2465386169,0.5876087994,2.5671159426,91.553123508,5865,25.20478891,50.28157683,84.971845288,22.655007949,25.194686212,11.497450162,99.7003074767,6.8,21.2
47073,Tennessee,Hawkins,71.51577277,5.3551733579,7.0035869191,96.0,54.653994187,22.2,6.7805275093,27.7,38.7,18.0,25.59727,54454,79.471632741,62.075774405,1.4556313993,0.590443686,2.2252559727,93.986348123,12731,22.085914206,41.834683277,84.049372023,27.694213414,14.7150535,10.889132821,99.8481105316,7.2,20.6
47075,Tennessee,Haywood,70.521516627,5.6992787308,6.9285493771,97.5,45.585412668,28.9,10.907472639,36.3,44.7,4.0,5.77101,42579,57.340217695,46.143081057,50.548245614,0.3808864266,4.8880424746,42.630424746,4168,25.345226513,,76.234998605,24.566088117,25.32082638,14.115168539,99.7546085707,7.4,25.8
47077,Tennessee,Henderson,71.739415389,5.5654730718,6.982110122,94.0,39.88948626,18.2,1.7264594669,33.4,38.8,5.0,57.00036,55656,71.504392387,77.167588535,7.5881724261,0.4631278945,3.1136444603,85.97434984,6696,30.691322029,25.012506253,79.904831625,27.423249396,13.578994011,11.732101617,99.7223067559,6.7,23.3
47079,Tennessee,Henry,72.175154476,5.3523821831,6.7316944386,98.0,46.32085094,26.2,10.39884428,29.8,40.0,22.0,190.45279,52064,75.592578569,67.772291065,7.0375376298,0.6665847515,3.0503163974,86.720525895,6863,24.321539598,32.066532884,81.900795153,25.818944651,21.688344684,11.205564142,99.8537631613,7.3,23.0
47081,Tennessee,Hickman,69.899153986,5.2637179871,6.6178672101,95.0,47.777272038,21.8,3.8672244492,29.8,39.1,5.0,65.82514,59650,77.668845316,100.0,4.5458065515,0.4878804306,3.6087663595,88.929760706,6591,37.026699098,87.985397051,77.222222222,25.092554504,26.109660574,9.1013165426,99.9707382326,6.6,22.5
47083,Tennessee,Houston,70.882724521,5.2331522331,6.7297750215,87.5,45.617740232,22.6,0.752506531,30.1,39.7,2.0,297.86727,56951,81.159874608,100.0,3.1216489932,0.6553079948,3.455260336,90.05123317,1894,26.024046219,72.498791687,81.661442006,19.825072886,,9.965034965,99.8989643849,6.9,23.1
47085,Tennessee,Humphreys,71.489357921,5.1726859472,6.6708936927,97.0,52.230483271,20.1,8.6886252532,30.2,37.9,3.0,52.05893,63017,79.501748252,100.0,2.8684470821,0.8433546775,3.1235358426,90.801186944,4304,29.815146094,43.93132655,82.546620047,31.662995595,20.218143123,8.3707025411,99.9168099384,6.8,23.9
47087,Tennessee,Jackson,71.935685608,5.7874087197,7.092340029,92.5,40.966146824,27.4,0.0323704886,31.8,39.8,1.0,,48285,83.343982961,100.0,0.962549543,0.2183935938,3.0898649195,93.286419154,2629,18.206092972,50.557537286,78.658146965,27.040816327,23.669839552,10.939226519,99.3642384106,7.0,24.2
47089,Tennessee,Jefferson,72.929258321,4.9944989685,6.4075353024,94.0,55.36010097,18.1,5.239173986,26.4,37.0,25.0,63.97178,62730,74.034003091,75.816981512,1.9122376292,0.7607455306,4.7978837443,90.684325184,12677,14.341441028,48.90908874,84.946840897,19.698526893,14.484094654,10.088148874,98.7659422604,7.8,19.6
47091,Tennessee,Johnson,72.254187894,5.6084988713,6.8138575746,95.0,31.35298213,28.0,2.7982983883,30.0,39.5,6.0,87.07482999999999,51597,78.597322922,100.0,2.5360544218,0.3265306122,3.3959183673,92.076190476,4309,26.375523514,60.992514555,79.461795873,30.731190392,23.418942579,12.026239067,99.451754386,5.9,23.4
47093,Tennessee,Knox,74.159737863,4.5270809926,6.2294652923,89.949675688,71.769492255,15.8,11.96912906,22.3,35.0,532.0,440.8102,70457,64.948453608,9.1932496957,8.4021579127,2.6131036673,6.3748704234,80.03231676,130026,13.049569636,86.144173085,87.998864662,15.735985138,17.513339815,12.297279708,98.4025260762,8.7,17.0
47095,Tennessee,Lake,70.31466043,6.1703773349,6.9533906009,,27.718960539,45.2,0.0757407758,35.9,44.1,,47.26643,40778,45.252225519,100.0,26.989128722,0.3623759256,3.2298723807,66.519615566,2078,,,75.074183976,67.193675889,,13.768115942,99.0801371999,7.4,27.0
47097,Tennessee,Lauderdale,70.721764006,5.4781927994,6.5464866882,93.0,36.567505721,36.6,4.2561528776,35.2,46.6,4.0,28.44372,51486,62.502713262,72.469474605,34.811052418,0.5851279967,2.9012596505,59.459569281,6555,25.718870382,22.560781399,83.861515086,44.114886428,23.657440265,13.121924549,99.1275853264,7.6,26.5
47099,Tennessee,Lawrence,71.758644105,5.5308851985,6.7743712899,97.0,52.165517241,20.1,1.5685348435,28.9,40.2,17.0,95.41571,55845,76.137452107,73.552390226,1.8996400226,0.5052695494,2.8971678883,92.512035391,10875,14.561787281,36.383887136,81.800766284,25.985844287,20.220084385,12.860175918,99.088919549,5.3,21.3
47101,Tennessee,Lewis,71.475292343,5.5790750998,7.0601538184,97.5,54.969778375,21.4,16.964765269,32.8,39.6,2.0,45.92071,55231,80.477391811,100.0,2.1046992193,0.887800398,3.49762743,91.34394612,2978,28.911761304,65.484453991,78.284494469,37.17472119,19.190481521,10.743801653,99.933538257,6.1,26.8
47103,Tennessee,Lincoln,72.181876128,4.868512083,6.5573209276,96.380466472,44.732254047,18.9,3.8015836484,27.2,39.8,15.0,38.70718,60974,77.030639523,71.346867125,6.7737565318,0.738201222,4.2826730073,85.379745086,8030,24.808150304,23.590024251,77.770923298,24.937308442,16.049524246,11.261582324,99.937305947,7.2,20.0
47105,Tennessee,Loudon,75.395124588,4.5847075047,6.3433270943,92.0,54.022887324,15.9,5.0531863946,27.0,38.4,31.0,56.11394,81605,80.945473163,35.655722771,1.3632387648,0.9902460761,10.5279662,85.549008929,11360,16.819575884,48.297512678,89.397559519,25.155246816,12.639805275,10.802752294,97.6807915839,6.4,19.0
47107,Tennessee,McMinn,71.296444071,5.0718566092,6.4549979222,97.0,52.811148486,19.5,5.967983279,27.2,39.3,27.0,80.82187,55852,74.733361278,61.661911555,3.6764970006,0.7633176479,4.7577139983,88.19461906,12486,23.683314174,55.833016333,86.18601835,31.337535014,22.587154944,11.552090716,99.0204878049,6.9,20.3
47109,Tennessee,McNairy,70.292261906,5.6222491226,7.1704461427,97.0,46.705490849,21.2,11.927737446,31.6,39.6,11.0,137.5989,54516,78.717111972,100.0,6.0314184153,0.4701295723,2.3009593701,89.022665596,6010,32.042605616,36.10853193,83.581480726,24.907749077,32.540481909,7.3319755601,99.7471142473,7.2,23.6
47111,Tennessee,Macon,71.458146888,5.5919453785,7.1168707898,92.0,34.236717195,22.4,7.1400767912,31.5,38.3,5.0,3.73232,57496,71.847826087,75.515545685,1.2764528048,0.9293472176,7.0130257903,89.064307842,6531,23.678754382,46.902481923,83.532608696,40.053660406,18.308894939,16.082029142,98.0857485426,7.5,22.8
47113,Tennessee,Madison,73.168479849,4.9564729002,6.2158399947,90.0,57.971486762,27.7,13.573129111,28.0,38.0,137.0,315.54646,60663,62.490514494,26.323831497,37.718387386,1.2894055024,5.410664059,53.5612392,24550,15.132225092,33.403063635,87.689077756,22.76721209,21.342808185,16.550387597,98.8278727343,6.3,19.5
47115,Tennessee,Marion,72.00238859,5.6283201223,6.7190452229,93.688311688,52.566947773,21.5,5.1269667997,29.4,39.7,10.0,27.22755,57109,79.790094544,91.344453307,3.849295487,0.7759852971,2.7738070928,90.25593901,6759,31.304658928,41.429311238,83.129499523,31.387762299,15.237884151,9.8122866894,99.5553449721,7.6,21.4
47117,Tennessee,Marshall,73.624428691,5.1187944347,6.6315735161,97.0,54.960821101,15.2,8.9664069381,31.5,40.9,6.0,73.04997,73770,77.441965632,65.225246226,5.9359865804,0.6736830713,7.4619193204,83.555639728,9061,17.589265523,42.501747294,88.566475731,20.624079282,16.672799191,11.517295597,99.2359523523,6.9,23.9
47119,Tennessee,Maury,75.062447873,4.6701457303,6.1088354092,86.0,63.520347555,13.8,7.8384683857,26.1,40.0,51.0,220.29614,74164,71.279689772,37.48192604,10.8531961,1.4210906464,8.2800650054,76.933911159,29463,16.049490793,39.03887568,89.677653902,22.061834562,16.890683496,10.770827926,99.0683324678,5.7,19.6
47121,Tennessee,Meigs,69.11828022,5.2787946801,6.6941251364,97.5,39.833159541,23.1,0.6948109236,26.0,36.6,5.0,7.30407,56161,76.946391362,100.0,2.2058286466,0.3871156234,2.5783361332,92.571762472,2877,38.788874438,61.771291792,80.280356128,31.85483871,17.300765952,12.085769981,99.7749738809,7.5,19.6
47123,Tennessee,Monroe,70.824940316,5.3294716567,6.4648421504,92.0,46.421863261,21.2,5.8432314433,31.1,37.6,9.0,59.67815,58980,72.224238967,73.297297297,1.9508581306,0.6132444335,4.9327077417,90.167510392,10648,30.912657968,54.372771246,83.918477415,35.573985159,19.188374404,11.144010767,99.1073426104,7.0,24.1
47125,Tennessee,Montgomery,73.991253589,4.5254492451,6.2277863826,92.0,69.917822983,15.7,15.932123677,27.3,44.6,92.0,234.70851,74701,62.941615968,17.732620224,21.443936766,2.3850220117,11.641208645,59.544256937,74230,14.850044785,42.518513269,92.637658472,23.679604654,21.697435217,13.600568035,98.7240267011,6.8,18.4
47127,Tennessee,Moore,77.725968495,5.2233159708,6.5712556901,92.5,54.306049822,12.8,0.0540486487,27.3,38.8,,14.819209999999998,66435,82.297194845,99.891657638,2.3562537048,1.5708358032,2.1487848251,92.219917012,1405,,,73.085670963,17.570664629,30.559545274,11.111111111,99.9682136046,6.9,19.1
47129,Tennessee,Morgan,71.85612976,5.7073571015,6.9264906665,97.0,39.73688953,19.6,6.8142811537,31.6,41.7,4.0,18.5417,55668,84.307178631,100.0,3.5553701386,0.3291150976,2.1832846614,91.966810365,5549,22.654433273,46.941745294,83.653311074,28.009084027,15.904051791,10.478199719,99.9258233607,7.0,25.4
47131,Tennessee,Obion,71.888558596,5.3184245931,6.6319326806,89.808510638,51.147006923,27.0,2.9359250594,30.3,42.4,13.0,49.32426,54428,67.130073506,59.307499919,10.535661438,0.4833777252,5.6591364967,80.806287199,7367,15.073719911,14.287127298,82.03100032,26.286442568,18.502976997,10.179640719,99.4704966257,7.6,23.5
47133,Tennessee,Overton,71.817990448,5.4995726345,6.9776849972,95.0,41.152030217,19.1,0.221175919,31.6,39.4,9.0,4.28688,52236,77.513345196,100.0,0.8745230848,0.3386633515,2.4520941398,94.615681399,5295,20.405430395,29.218834461,76.212188612,18.447694038,14.189680555,10.423825888,99.9722863741,6.9,23.8
47135,Tennessee,Perry,73.157800028,5.7448514901,6.9124843567,97.5,44.807280514,26.1,13.717444494,30.7,40.0,2.0,56.23664,50014,75.032894737,100.0,2.9243054774,1.0797435609,2.3057023957,90.900911034,1868,48.835789657,39.59455179,76.611842105,37.110669317,,7.868852459,100.0,6.2,23.3
47137,Tennessee,Pickett,75.396793542,5.6004015607,7.0959252391,,49.944506104,25.0,0.256144472,33.0,40.4,3.0,,46177,82.336182336,100.0,0.3705148206,0.2730109204,2.1255850234,95.709828393,901,,,75.973409307,21.003500583,,7.1759259259,100.0,,25.7
47139,Tennessee,Polk,70.673573548,5.2922512325,6.6984368349,92.5,50.841836735,19.8,1.9332402145,28.9,40.3,6.0,27.72695,57045,84.140537514,100.0,0.9149891865,0.4325403427,2.2625187157,94.51561027,3920,27.561323946,22.868468194,83.916573348,32.656943564,25.520857501,11.491791577,99.9170812604,7.0,22.8
47141,Tennessee,Putnam,73.417866287,5.0813393561,6.4640994013,91.0,61.26135217,18.6,15.225799155,27.5,37.5,54.0,268.35552,57896,60.677012433,38.526560974,2.2100567721,1.5373789418,8.6004961595,85.636420018,19820,17.588192221,35.991967247,85.546177814,18.683587652,14.86668302,12.55675591,98.4767281526,6.1,20.4
47143,Tennessee,Rhea,71.421641401,5.4463067982,6.7208039101,88.0,42.123849161,21.4,11.635892808,31.9,41.4,12.0,35.37319,57682,72.951748093,70.526315789,2.0781747435,0.6868293833,6.4791887749,88.441811107,7929,16.403845407,45.85829786,88.854489164,31.975587104,12.611097766,10.192081537,98.8954698255,7.3,24.4
47145,Tennessee,Roane,72.575151348,4.927987588,6.5798183194,92.0,51.385710653,16.5,6.2427860336,27.0,39.7,23.0,64.17569999999999,65970,77.607702205,52.114073852,2.7381631489,0.7291072447,2.7203365659,91.650028523,11799,20.514350721,87.775834024,87.057988376,26.222177051,18.186069471,10.493685419,99.7498604991,6.8,19.3
47147,Tennessee,Robertson,72.654471702,4.8061318746,6.3624463547,87.0,56.168045189,13.6,1.8745406917,27.2,38.7,26.0,70.33448,81529,77.214916231,53.000563164,7.4645722622,0.9456080025,10.227154319,79.295613212,19828,17.658379794,50.035385385,86.420464781,20.18623836,18.098654118,11.004333899,97.8768943475,8.1,19.6
47149,Tennessee,Rutherford,75.965586146,4.4332491695,6.0775158977,95.0,68.991770151,11.5,6.379890468,27.8,38.3,154.0,135.92989,81987,65.014579576,15.964051235,16.455689306,4.0313156325,12.353820883,64.262696097,102189,11.950425011,37.830470067,93.96477066,15.426997245,14.509398053,12.790551049,96.6178135366,8.1,18.6
47151,Tennessee,Scott,71.415195867,6.1207938938,7.2160227434,93.958333333,39.977831147,25.1,7.8695744615,33.3,42.4,5.0,58.63515,46923,71.787450799,100.0,0.3653421136,0.4465292499,1.3350773533,96.387172432,5413,29.204659766,15.14187941,76.557073397,35.209905204,17.249362228,9.7246631517,99.6949300276,6.9,26.6
47153,Tennessee,Sequatchie,75.156722879,5.5572788732,6.8621672135,82.5,43.001060445,21.9,22.194207894,33.7,38.9,3.0,17.4815,62157,74.693677504,100.0,1.0372355923,0.5244449624,5.0171901404,91.329176621,3772,21.293141757,49.503929374,82.029080216,29.449838188,,9.8039215686,98.5878256384,7.1,25.9
47155,Tennessee,Sevier,73.741428182,5.0848293523,6.3990143311,92.0,55.223042708,18.3,7.7418713121,25.7,38.7,36.0,91.53548,60704,71.976747151,53.365521447,1.347885128,1.4706030277,9.639390434,85.742594176,23157,16.715043394,64.863048227,83.490986971,26.272934535,18.432544988,13.486350672,97.507328241,7.7,19.3
47157,Tennessee,Shelby,71.79344546,4.8211829977,6.4904848689,83.960337012,63.763494201,28.1,11.189386115,29.4,42.0,792.0,202.84778000000003,62402,54.578329959,3.402764632,53.334681256,3.0329369414,8.8958531584,33.044738594,253998,21.498662237,57.4753623,87.202917441,30.470464739,36.259842418,18.819682298,97.7477765915,10.0,19.4
47159,Tennessee,Smith,72.039908921,5.2001022911,6.5281636579,97.5,51.993652053,16.5,1.2065554732,27.3,38.4,8.0,29.21414,72153,75.456096601,100.0,2.5172850326,0.6767942351,3.413185315,91.250365177,5041,24.263530486,57.427886982,86.507415671,19.464720195,25.731109902,14.448160535,99.3597816961,7.2,20.6
47161,Tennessee,Stewart,72.889223449,4.9761939961,6.4751621188,97.5,50.590551181,17.5,6.8569798944,28.2,39.4,1.0,35.156800000000004,60634,83.5685289,100.0,2.0250316411,1.0336099002,3.1078610603,90.831106736,3048,20.92882108,62.276940765,81.712739223,20.104244229,27.526258602,10.117878193,98.4563655815,7.3,21.7
47163,Tennessee,Sullivan,72.721753277,5.1939609665,6.9142645383,93.034653465,62.620460097,19.0,11.148959047,26.6,37.7,193.0,150.49187,57016,72.928604842,26.53591548,2.355444537,0.8906158448,2.7828661301,92.023930675,37253,15.243338706,44.064823323,86.862647644,24.097596943,18.493915879,11.219694144,99.7422646521,5.8,18.1
47165,Tennessee,Sumner,75.643644106,4.2014783516,5.982092656,95.0,66.971550525,11.9,7.2849452857,24.3,37.5,94.0,115.38794,86376,72.223815608,25.259194726,8.4536092387,1.7837052992,7.4771387636,79.988365049,52479,11.400758262,37.001480059,92.087972258,17.884726781,15.535441247,12.142070485,98.7169036301,7.1,17.5
47167,Tennessee,Tipton,72.277665661,5.0782913278,6.0567748682,91.0,60.0162206,24.7,1.5792433297,29.2,41.7,17.0,59.662980000000005,70886,77.186834634,66.662292931,18.30524873,0.840119326,3.2185761509,75.007659437,16029,23.697398165,41.716780981,84.953867991,23.807841752,19.495837639,11.367795059,99.7443692138,8.3,20.7
47169,Tennessee,Trousdale,71.965200811,5.0069484944,6.4416983034,97.5,34.432748538,16.5,,28.8,39.7,4.0,8.1493,62658,74.494259158,100.0,11.001548366,0.472659115,4.3680221661,81.712981827,4275,15.737498525,56.178197242,84.773100055,27.325581395,18.999257302,17.164179104,99.8479563545,7.4,22.2
47171,Tennessee,Unicoi,71.182788556,5.4469437444,6.7398869925,92.5,58.632911392,22.0,1.8870717725,33.3,41.1,8.0,22.5276,54955,72.766884532,51.444667559,0.6476683938,0.4223924307,6.8427573778,90.431403469,3950,16.096709028,47.05705197,82.327310009,23.720349563,12.39143414,9.3605800923,99.1916927252,5.7,26.6
47173,Tennessee,Union,69.790104144,5.3658242571,6.8106356501,97.5,44.677318946,23.4,0.7238890054,29.4,37.6,3.0,43.39231,64244,80.362887659,100.0,0.6557060894,0.269996625,2.5215756232,94.850778651,4819,20.87517366,88.992897048,76.965641488,36.910097548,16.942564706,9.9190283401,99.9737959226,7.7,22.9
47175,Tennessee,Van Buren,70.382288194,5.6394806479,7.0040215866,,43.070866142,23.6,0.8868503657,31.0,40.5,,30.8024,58584,84.727863526,100.0,0.9548744802,0.369628831,2.6182042199,94.132142307,1270,23.941773607,,84.971567831,23.255813953,,10.165975104,99.747983871,6.7,24.0
47177,Tennessee,Warren,72.547050916,5.6269337159,6.759211625,91.0,40.806142035,22.5,4.8870654608,34.3,39.7,19.0,93.81303,49436,70.871559633,61.636510146,3.3303625874,0.9475116094,10.098972747,83.552230405,10420,21.492255855,35.955702574,82.072898587,26.256479603,17.365382111,14.217859405,98.2108218479,6.9,26.3
47179,Tennessee,Washington,73.869762043,4.9099395829,6.4634043751,94.879821958,70.077684692,18.1,9.33322183,28.0,38.3,249.0,426.23898,62028,64.446775972,25.759956692,4.1106776477,1.7107354429,5.0231180465,86.789481289,32825,11.378518451,42.417815483,87.699612334,15.247447991,17.305318957,12.419193299,98.957830293,6.6,21.5
47181,Tennessee,Wayne,73.686616487,5.5924026359,6.5674084071,97.5,50.25802109,23.5,8.9481680328,32.6,43.0,3.0,74.69189999999999,51817,81.513777468,100.0,6.3052408814,0.329889207,2.9316569152,88.802439935,4457,27.641489876,20.308279686,81.199860481,26.467203682,16.975458337,10.670194004,99.1747697032,6.4,26.4
47183,Tennessee,Weakley,72.793492364,5.308780371,6.78333929,94.0,55.512140664,20.9,8.0797571025,28.2,40.1,20.0,42.31653,55285,66.415549194,67.436629992,8.2607907145,1.4115584573,3.3188248096,84.926248338,7166,19.740794782,24.136855973,82.371553413,15.066724064,18.053148469,8.1346954219,99.0822472197,7.5,20.2
47185,Tennessee,White,71.620030586,5.7242562845,7.0267814666,97.0,51.75894315,19.7,16.450358736,30.9,39.2,10.0,80.16172,63690,77.747477502,79.192716902,1.6903666527,0.5611320229,3.3772480134,92.231283982,6737,19.343472101,56.340729553,83.892373421,30.025631637,23.209765509,10.868510432,99.9121198227,6.8,24.9
47187,Tennessee,Williamson,81.472321432,3.4120381474,5.2412517504,97.0,85.605417727,4.7,4.9727812489,17.1,33.7,353.0,272.63102000000003,136007,79.77644517,18.641967335,4.013839522,5.6488693942,6.0413673145,82.32095591,60099,7.5116116998,15.356386288,95.505754222,2.8851878425,8.9282887961,10.039854648,99.0492725211,8.1,10.6
47189,Tennessee,Wilson,76.128446202,4.1258043198,5.5634190422,98.0,71.964931398,8.4,5.8100666154,23.7,38.9,50.0,90.42365,96466,76.832305817,35.238295078,7.7299998778,2.8880579689,6.7475591725,80.263206129,40378,13.029225936,45.791339767,91.69743327,13.581907874,15.593829145,10.465226007,98.6909292188,8.2,18.0
