FIPS,State,County,Average Life Expectancy (years),Days of Poor Physical Health (days/month),Days of Poor Mental Health (days/month),Students Graduating from High School (%),Some College (%),Children in Poverty (%),Limited Access to Healthy Foods (%),Physically Inactive (%),Insufficient Sleep (%),"Primary Care Doctor Rate (doctors/100,000)","Mental Health Providers (providers/ 100,000)",Median Household Income ($),Homeowners (%),Rural Living (%),Non-Hispanic Black (%),Asian (%),Hispanic (%),Non-Hispanic White (%),Population,"Motor Vehicle Death Rate (deaths/100,000 people)","Drug Overdose Death Rate (deaths/100,000 people)",Broadband Access (%),Teen Birth Rate (births/per teens),"Firearm Death Rate (deaths/ 100,000 people)","Juvenile Arrest Rate (arrests/ 1,000 juveniles)",Severe Housing Problems (%),Proficient in English (%),Air Pollution (fine particulate matter in micrograms/cubic meter of air),Smokers (%),Youth Not in School or Employment (%)
51001,Virginia,Accomack,74.09965193,4.157676759,5.122809652,85,44.58321232,22.6,0.899445146,28.4,38.8,12,129.55319,56357,66.86780803,90.35405381,27.3989937,0.89783375,9.668283571,60.06447531,24396,19.67841103,27.60736196,80.57816447,25.94056004,20.27562563,9,14.77272727,4.019877821,6.9,19.8,7.756948933
51003,Virginia,Albemarle,81.9053583,3.057793021,4.778499479,,80.74988238,8.5,3.526663792,16.6,30.3,158,211.29097,94727,67.23444846,40.37457182,9.357919919,5.878603733,6.059336092,76.00887073,76936,8.393244487,11.69355685,90.05473417,4.392471711,10.1829846,7.7,12.90703162,1.665933531,6.4,11.1,1.906158358
51005,Virginia,Alleghany,73.56335633,4.093906179,5.668171226,87.5,49.38842975,18.8,7.894757405,24.7,37.4,6,33.70408,52412,83.21445554,53.13670104,4.4826424,0.37074486,1.820020222,91.02797439,11161,14.17086282,22.44820078,78.31669044,19.5035461,22.79462047,27.69230769,9.264931087,0.08258775,6.7,19.3,
51007,Virginia,Amelia,73.35413694,3.969474237,5.612979533,87.5,36.66241225,14.9,6.153926581,25.9,36.9,1,74.32181,65835,84.40471662,100,19.06354515,0.587142326,3.820141211,74.30694909,9801,31.77176914,43.11766049,79.06047927,11.86579378,24.44240758,13.33333333,15.09433962,0.882072473,7.7,19,
51009,Virginia,Amherst,75.76793928,3.958054208,5.526233572,93,56.87169973,17.2,3.866821808,24.7,36.8,7,50.65054,61271,75.70352755,62.36624397,18.13289436,0.607806515,2.918737535,74.84567413,22321,14.90838122,30.67322439,79.00911613,18.09954751,18.37711099,,10.23848684,0.265332169,7.4,18.2,
51011,Virginia,Appomattox,77.59191317,3.969087382,5.356125738,92.5,60.04746835,16.1,2.041593356,25.2,37.4,2,47.7669,62375,77.78117827,100,17.56030571,0.400047767,2.430140912,76.77334607,11491,19.87030113,,78.24024484,25.24768297,15.03213118,,9.090909091,0.032791186,7.3,18.9,
51013,Virginia,Arlington,84.71797115,2.588261478,4.038483099,91,91.84856863,7.1,0.078137744,14.2,28.4,180,267.94872,131020,42.24300414,0,9.964957265,11.26837607,15.5982906,59.87350427,173124,2.863015084,11.26878013,93.98847475,6.681852696,3.12919693,6.704545455,15.53795866,3.587490192,8,7.9,6.91191446
51015,Virginia,Augusta,78.56189156,3.8211562,5.448457375,92,51.99460916,10.1,7.504591326,23,34.7,41,81.98401,77487,78.72970455,84.26445726,4.653873745,0.732732117,3.880149621,88.99364624,57106,16.99469577,14.36875449,84.53220655,12.26561399,14.72653353,15.65217391,8.967346262,0.779929982,7.1,17.6,8.705745792
51017,Virginia,Bath,75.7309724,4.545053031,5.954146332,,66.96230599,15.3,10.48247684,26.7,36.5,,24.69746,59763,71.12860892,100,3.704618424,0.543344036,2.395653248,91.55346999,3217,,,73.07086614,32.62642741,,,11.20218579,0.40302267,6.1,21.7,
51019,Virginia,Bedford,77.83978459,3.556397853,5.120955483,89,68.58385694,9.9,1.475363538,20.7,33.8,60,113.79379,71135,84.25099969,70.7344391,6.899366713,1.45087077,2.753314863,86.89516129,58099,15.59824719,22.18139358,85.03537373,12.93911739,15.67001971,12.89473684,7.859984089,0.427692429,7.6,15.3,
51021,Virginia,Bland,75.7430794,3.879996365,5.343096056,92.5,41.76245211,16.7,5.196114726,23.6,36.1,,81.32726,55722,85.1901566,100,4.18022121,0.569290826,1.073519844,93.00585556,4995,,,63.62416107,14.78352693,,,8.387096774,0,6.8,19.2,
51023,Virginia,Botetourt,78.29359074,3.363942128,4.806711538,93,64.71449488,7.7,10.8473376,19.9,34.6,19,49.80226,81122,86.69866832,59.43862365,3.078951223,0.981397393,2.220594698,91.87344368,24891,9.830530208,26.75439466,85.69216476,9.028309105,14.33803103,17.5,7.175398633,0.129882178,7.2,15.6,
51025,Virginia,Brunswick,74.54497885,4.407381077,5.476443287,92.5,40.95398699,28.1,10.06511364,29.4,40.9,4,87.93417,49080,73.21978913,100,52.81075309,1.13058225,2.782488537,41.5049306,12066,22.85171871,39.41254564,78.32927818,26.07003891,,,11.40065147,0.176355323,7.8,21.6,
51027,Virginia,Buchanan,72.00818412,4.956667664,6.337766588,93,48.06070826,29.7,1.112529988,29.4,40,5,51.67425,39652,81.62530024,100,4.350971476,0.454733361,1.10066143,93.18933444,15445,26.15308271,30.92800287,71.15025354,33.23345138,19.19975424,12.94117647,10.82224909,0.092740481,7.2,26.1,30.3630363
51029,Virginia,Buckingham,75.93381945,4.382989387,5.31571967,87.5,44.33421517,22.6,5.008766289,28.5,38.8,2,58.88588,55965,75.48321465,100,32.38134495,0.459309858,2.608644447,62.01271935,12595,37.6862328,,68.83689386,13.84083045,17.57942972,25,14.53781513,0.373041532,7.4,22.6,27.0234987
51031,Virginia,Campbell,77.06201341,3.879058676,5.252317066,91,60.7179714,15.9,2.23197036,25.4,37.7,8,25.38946,63516,74.10861707,56.85507038,15.05050688,1.135271395,3.356848806,78.04900165,40012,18.14872622,15.69280726,81.51635504,16.48669495,14.14765802,,9.112502699,1.577239167,7.7,18.2,9.710817565
51033,Virginia,Caroline,75.73504193,3.639855005,4.929453569,89,53.33166646,14.2,1.518267401,24.6,37.6,3,46.93807,72210,81.69842803,100,25.65947993,1.076446475,6.965610039,62.38695747,21511,22.3972526,38.74425563,83.79731273,20.40816327,18.16412585,14,9.426229508,1.018878212,7.9,17,
51035,Virginia,Carroll,75.66432814,4.199568122,5.67234656,93,55.51253998,21,1.700039542,25.4,35.9,27,51.46327,51111,78.42846553,97.62647916,0.895460939,0.29162521,4.659141593,92.86032868,21867,15.90269478,22.49389853,77.52244461,23.26461131,16.8626102,13.07692308,10.25957973,0.602258469,7.2,20.7,
51036,Virginia,Charles City,75.22752312,4.201391042,5.470546115,,59.18518519,18.7,0.718572678,27.4,39.6,1,30.28009,67596,84.64716007,100,42.331567,0.590461771,2.528387585,44.70855413,5323,39.22864104,,69.67297763,10.19367992,,0,13.5,0.200030774,6.6,20,
51037,Virginia,Charlotte,71.83952377,4.325369761,5.660596472,87.5,57.67241379,24.7,14.60332027,27.9,38.9,6,61.00218,50151,69.0969163,100,26.26579521,0.348583878,2.736383442,68.5751634,8154,41.89860538,54.05712985,70.19823789,19.57446809,20.2685584,,13.44364012,0.136973792,7.6,21.2,
51041,Virginia,Chesterfield,77.98043403,3.191093507,4.681791497,90,72.86261166,8.6,8.191214406,20.1,36.2,299,242.33102999999997,100149,77.40264194,8.03104118,24.5005391,3.878882053,10.68740619,58.13698442,247120,10.00577476,30.87632368,92.67205391,10.38747481,15.27715924,23.21518987,11.07443213,2.887553429,6.7,13.2,8.072542827
51043,Virginia,Clarke,77.93396929,3.313919677,4.814525351,97.5,69.16842847,8.2,0.059653955,19.8,31.2,5,65.50504000000001,106914,77.90635571,100,4.054762217,1.480413992,7.82130224,84.0298703,10904,17.66611051,29.46375958,85.98896208,9.1714105,16.40397523,13.33333333,14.05975395,0.717770035,7.6,14.1,
51045,Virginia,Craig,75.86667902,3.849220594,5.408845706,,40.32085562,19.9,3.606490754,23,33.8,2,,62672,80.93922652,100,0.515782959,0.49515164,1.753662059,95.85310501,3476,,,88.12154696,21.25398512,,,7.432432432,0,6.7,18,
51047,Virginia,Culpeper,77.81804007,3.65660912,4.862701226,89,57.93124711,10.7,2.880751367,22.2,34.6,18,218.82643000000002,94287,74.25225423,57.06538286,13.08361376,1.930821427,13.58194958,68.2205182,35453,14.07183811,33.17268574,89.4655817,21.44907955,12.93213293,18.52459016,13.41917024,2.843190669,7.6,16.1,12.38332296
51049,Virginia,Cumberland,77.57272995,3.805148977,5.173489356,92.5,65.95744681,22.4,19.47060147,23.8,37.5,3,51.30309999999999,55257,77.58323058,93.30232558,28.81182023,0.574594706,3.386004515,64.3956495,7215,17.50879087,,76.27620222,14.3693454,20.33925884,,10.2189781,0.097066437,7.4,17.2,
51051,Virginia,Dickenson,72.1598619,4.796070668,6.202941478,87.5,53.63972856,27.9,,29.6,38.7,3,72.85974,43271,77.23254555,100,0.568306011,0.204007286,1.100182149,97.21675774,10379,24.61332467,49.78308797,75.73516147,25.6116208,33.57206804,35.38461539,14.32314411,0.029761905,7.1,24.2,25.50675676
51053,Virginia,Dinwiddie,75.19489172,3.817829584,5.297318161,88,57.02368539,16.6,8.245257453,25,38.1,4,21.306060000000002,72695,78.54677914,71.66422156,29.80362913,0.958772771,4.147579987,62.79251447,20159,18.69848441,28.18754111,81.4321319,10.86229947,15.50595217,15.38461539,11.24459395,0.845197401,8.1,18.5,
51057,Virginia,Essex,73.81102539,4.278516637,5.669831341,92.5,43.83187773,21.1,16.57725467,27.5,39.9,4,37.62935,58214,65.38280883,100,35.96425212,0.978363123,5.04233302,54.29915334,7710,29.99908698,30.7986079,70.6669798,19.04761905,,,18.13186813,0.326700327,7.2,20.7,56.37860082
51059,Virginia,Fairfax,84.86967305,2.60539097,4.006964497,92,83.79813151,6.2,1.569408814,15.6,31.1,1269,246.58909,144632,68.55351423,1.541759649,10.14625799,20.91122881,16.83341664,48.51857676,782543,4.315175963,9.976443378,95.9332496,7.846500075,4.967470043,7.555373257,14.28678933,5.845513422,9.1,8.3,4.242382722
51061,Virginia,Fauquier,79.47915888,3.243671942,4.806636421,95,68.36395451,7.1,1.154385611,18.9,33.2,33,117.86135,120301,77.49798162,57.4562846,7.21097182,1.905871638,11.41112183,76.50407157,50357,13.34981159,23.10557399,90.59244166,8.094914416,11.2190005,12.43589744,10.90798294,2.253313484,7.9,12.9,
51063,Virginia,Floyd,77.56255657,3.843510368,5.58297781,97.5,66.71807526,15.4,9.397867268,21.9,34.4,5,108.8418,62561,86.28099174,100,1.869517895,0.525001601,2.925923555,92.67558743,11686,17.2689595,,78.28700225,14.75634866,15.2590219,24.66666667,11.94590533,0.470714814,6.9,17.8,
51065,Virginia,Fluvanna,79.6876402,3.36696881,4.934630181,94,67.86866844,9.2,3.157705463,20,34.9,6,110.08914,88162,88.41589014,63.94363096,14.38261302,0.930430768,4.719627828,76.88483256,20240,20.72748145,12.13371352,89.43599804,9.803921569,12.53225212,10.38461539,10.48670346,0.330071004,7.4,13.5,
51067,Virginia,Franklin,76.72607529,3.875766551,5.319078657,89,57.79066451,18.9,7.944708326,23.2,32.1,19,107.12859,68089,79.95186632,90.06736788,7.771362167,0.548353125,3.104913389,86.7269492,39873,18.10670203,34.69999462,79.45236582,18.14155523,16.44107839,43.1372549,11.76858777,0.478432419,7.5,17.8,
51069,Virginia,Frederick,78.72228658,3.455029145,4.887604861,,60.80496438,9.1,4.974522213,22,33.7,42,87.32154,97091,77.45273454,39.40975071,4.491273106,2.265099789,11.39598742,79.38159514,64068,12.97420728,22.2506739,87.28752908,14.50279925,10.91343199,21.44329897,9.503037856,2.345740205,7.7,15.7,
51071,Virginia,Giles,72.78759524,4.072096077,5.470881491,92,50.336655,16.7,0.360822444,23.4,34.4,8,42.54543,62716,77.68534734,100,1.647116028,0.595636054,1.963167811,94.21382119,12132,11.94630987,24.02642907,80.45826036,25.10460251,23.91600698,16.25,10.05212212,0.540948547,7,19,
51073,Virginia,Gloucester,76.5793078,3.67282287,5.0870332,88,64.20024152,11.8,1.560725955,20.7,36.7,18,210.16383,76960,79.11422225,72.57110382,7.606411263,0.939406984,4.507127845,84.09844783,28272,13.69477392,22.83185219,87.27872383,13.12598088,12.2004912,20,10.17579446,0.108046784,7.2,16.1,
51075,Virginia,Goochland,80.05905058,3.027436469,4.552971656,96,70.28182702,7.8,2.375945267,17.5,33.6,18,122.5631,113617,84.51164692,92.72859627,13.73472749,1.880577579,3.508368762,78.89999617,18847,15.19553616,16.28841351,88.57785043,5.432322318,15.8861548,21.42857143,9.184845006,0.495812675,8,12.3,
51077,Virginia,Grayson,75.98024035,4.518588458,5.653949688,97.5,48.51851852,24.7,9.042187929,27.6,38.6,2,58.658669999999994,45414,80.82303188,99.88912803,6.296030763,0.260705208,4.262530144,87.48615004,11769,16.54153303,,77.91151594,23.28288708,14.15737857,28.18181818,9.076682316,1.116751269,6.9,22,
51079,Virginia,Greene,78.64928668,3.478653282,5.043410407,90,59.83246073,10.7,6.522454776,21.4,35.4,5,94.75529,82772,78.1780214,100,7.177713555,2.449424362,7.414601791,79.91661534,14314,12.24413362,19.69861125,90.27669016,12.8426772,12.95995374,15.65217391,9.879839786,1.067597393,7.1,15.7,
51081,Virginia,Greensville,72.25939895,4.276549157,5.090530139,,38.02483737,22.1,0.250417682,29.3,43.7,4,80.17103,47596,69.67721912,87.77982618,59.40673437,0.774986638,3.001959736,35.37324069,8609,28.41260037,,81.56424581,30.66164605,,,13.08139535,0.534217556,7.7,21.8,
51083,Virginia,Halifax,72.77983412,4.298013963,5.970824417,84,54.67236467,21.2,10.34898034,28.9,38.6,13,127.80882,50578,72.68289075,78.21115749,34.78777791,0.618238022,2.686957556,59.98989419,24647,23.74188819,36.53166407,65.33027591,27.12212286,17.06233636,21.5625,10.73825503,0.2414188,7.9,20.7,
51085,Virginia,Hanover,78.32563019,3.044786709,4.630280215,94,76.29735753,5.9,3.972535907,16.9,32.2,81,211.62054,103639,83.02926322,37.00706499,9.2847403,2.340222069,3.62145602,82.34606598,76949,13.09439186,25.02815668,90.1263804,5.672864797,13.12886816,19.9137931,8.897386871,0.471850682,8.4,12.8,
51087,Virginia,Henrico,77.92248295,3.359290387,5.103680917,87,76.05697539,11.6,4.726092923,22.1,35.5,350,390.46359,82187,64.55918982,3.694200467,29.99053785,10.07659554,6.420790389,50.6970853,232800,7.325680237,28.85372564,90.55886169,9.814095532,13.16984203,17.04678363,14.42864262,2.149392334,7,13.2,5.072417123
51089,Virginia,Henry,72.11102348,4.52102587,5.855793188,87,51.52098575,20.8,14.45112897,29.2,39.6,23,24.045199999999998,49370,73.2007251,65.06437937,22.14763756,0.522983208,6.460145073,68.70917325,37373,24.11530481,66.83695753,71.6280437,20.4853451,22.8982921,16.17021277,11.85149929,1.189641664,7.8,22,
51091,Virginia,Highland,78.61615199,3.779450864,5.510276113,,59.09090909,17.7,34.44867803,22.2,33.3,3,260.75619,54470,86.39053254,100,0.999565406,0.825727944,1.477618427,96.04519774,1716,,,74.65483235,,,,4.568527919,0.045745654,5.8,17.7,
51093,Virginia,Isle of Wight,77.78691079,3.572614576,4.955594538,93,70.62968348,9,4.465237024,21.9,36.6,16,52.30256,85227,78.31666228,58.45464436,22.14141615,1.140693881,4.635002864,69.23862419,27889,11.89895865,18.40297252,83.49565675,9.151193634,18.65502593,14.05405405,11.56741958,0.684042611,7.4,15.4,
51095,Virginia,James City,81.9885017,2.906360472,4.614211122,,70.97893433,8.8,8.678845123,17.9,30.7,89,410.10357,103070,77.61485826,14.16157641,13.71199153,2.910134361,6.915109792,73.46272737,57505,9.37226447,14.9561784,91.63897035,11.19477577,8.809705186,22.32876712,12.48315364,0.868301011,7.4,11.7,7.705728409
51097,Virginia,King and Queen,73.34106933,3.969449609,5.328417943,,67.09511568,20.8,4.975704694,24.3,37.8,2,,62180,77.67162067,100,23.84638285,0.535873772,3.870199464,66.67162846,5203,26.53548611,,71.1606511,21.64502165,,,16.3410302,0,7.3,18.1,
51099,Virginia,King George,78.16138291,3.320861994,4.837548841,88,67.65421497,8,2.1241339,20.6,35.1,6,71.79782,100092,75.22850981,100,15.6842332,1.873923033,7.050545663,71.48190695,17979,15.04430009,29.37360781,89.96610866,13.5587546,14.1140115,12.5,10.12253596,1.034659113,7.7,14.3,
51101,Virginia,King William,75.3135078,3.516366861,5.500542388,89.98979592,64.49447933,9.4,2.859613367,21.8,37.6,6,59.48518,82715,86.10184245,100,14.45489942,1.416828899,3.136491456,77.14146658,12367,27.68224142,39.65256798,74.94559698,12.35987353,11.5464108,,7.036747459,0.411424483,7.7,16.2,
51103,Virginia,Lancaster,75.12540883,3.598170286,5.187655891,87.5,68.01893171,24.1,2.13356893,23.1,35.8,4,93.02326000000001,60857,82.18785796,100,26.33488372,0.986046512,2.669767442,68.56744186,8739,19.82632142,,73.27224131,25.03209243,22.33804914,16.25,9.555345317,0.637063802,6.9,16.4,
51105,Virginia,Lee,72.83839849,5.054599938,6.190681267,83,42.88876591,31.3,0.00182939,32,39.1,7,150.12283,41573,72.15281115,100,4.157947412,0.295696479,2.206350651,91.79328542,16643,18.19681677,21.85187343,62.74627583,34.43941679,19.83733386,,14.52798191,0.611476952,7.7,24.8,
51107,Virginia,Loudoun,84.14753147,2.703598215,4.151258955,96,85.08830292,3.8,0.993953647,16.1,31.4,325,196.48911999999999,167605,77.42748053,11.94653161,7.603133643,22.62795515,13.95535601,52.13326082,272771,3.639038474,8.861362403,96.40632556,4.440059201,4.640272539,6.727272727,10.33078113,3.727797564,7.2,8.6,2.214381312
51109,Virginia,Louisa,76.49180276,3.818350778,5.029993821,89,59.40315315,14,0.544256055,23.2,35.9,4,47.36265,72569,79.85247917,100,14.40323063,0.747831289,4.165420281,77.78941071,27905,24.89817037,37.53131246,81.04767108,15.00825454,18.69568237,22.64705882,11.08793883,0.493088451,7.7,17.4,
51111,Virginia,Lunenburg,73.7276991,4.479206382,5.531169522,87.5,47.4507138,27.2,0.01850134,28.7,38.6,2,74.80675,47660,69.82041174,100,31.33571607,0.457152356,6.981963262,58.42407115,8799,24.62418799,,62.39597022,26.88172043,26.35480152,32.72727273,13.31096197,1.891749869,7.7,22,
51113,Virginia,Madison,78.06599806,3.80039318,5.533528569,97.5,53.65853659,13.7,0.292575695,23.6,34.1,1,35.71429,71697,79.24492863,100,8.314285714,0.878571429,3.835714286,84.02142857,10115,23.58010268,24.68221646,80.44703231,14.14216598,22.35902634,13.33333333,13.03921569,0.061096686,7.1,17.5,
51115,Virginia,Mathews,76.23189283,3.574136301,4.971132733,87.5,68.9119171,14.7,0,20.3,32.8,3,47.11425,73827,83.83217531,100,7.738515901,0.918727915,3.191990577,85.1590106,6472,,,74.26509888,6.711409396,,,11.21134021,0.350665054,6.8,15,
51117,Virginia,Mecklenburg,73.90217046,4.002064405,4.991020158,88,59.53171967,32.9,9.547304001,27.5,38.2,17,111.44618,52092,70.87520135,83.25802302,32.57834011,1.101350466,3.300773568,60.81683493,22650,27.92997026,30.59641148,70.3075861,22.87701318,22.2440301,28.07692308,12.6515764,0.464213954,8,19.5,
51119,Virginia,Middlesex,74.0062048,3.768309452,5.131658779,87.5,55.51451187,20,0.270523905,23,35,4,82.24436,68881,84.34450573,100,15.22434433,0.5757105,3.253221237,77.71177922,8382,22.73821625,,77.23801443,20.39515615,22.48032971,20,13.95592865,0.550139948,7.1,16.9,
51121,Virginia,Montgomery,79.39742663,3.713103829,5.597886279,93,75.87080984,12.1,4.403623232,22,31.8,71,329.5759,69668,54.94426266,26.08477653,4.084314816,6.554112117,3.680938179,83.01976444,55915,6.81952066,14.21805761,90.33886085,4.563362717,7.708802032,25,17.02458322,0.45915219,7.2,15.8,
51125,Virginia,Nelson,77.5838185,3.7773431,5.290352189,87.5,45.16475645,17.6,2.107321385,22.6,34.4,12,136.50014,66612,79.04435747,100,10.33988534,0.98962599,4.914004914,81.23123123,11116,27.90930439,,78.08219178,19.36758893,14.81401675,,13.125,0.753161859,6.9,17,
51127,Virginia,New Kent,77.21887113,3.25408934,4.657766123,93,63.67856571,6.5,0,19.2,33.1,7,124.06948,115627,92.34582133,100,14.13591611,1.300728408,4.298407108,76.658929,17446,17.92022938,28.31417408,88.88760807,6.35230882,,20.90909091,11.09057301,0.577672294,7.7,13.9,
51131,Virginia,Northampton,73.9078094,3.968945009,5.055758443,87.5,56.5404475,30.4,0.00038784,25.9,37.3,13,117.64706,52783,64.31511976,100,30.19327731,1.058823529,9.705882353,56.84033613,9104,25.19707714,31.01387166,81.51197605,26.43171806,16.93508781,29,10.58252427,1.648683643,6.6,17.2,
51133,Virginia,Northumberland,76.98323222,3.685825703,5.012606502,92.5,56.23569794,23.1,2.097422081,22.8,34.7,10,24.38628,67077,88.84808659,100,23.1507072,0.699073321,4.259470005,69.79352951,9305,27.03687595,35.91854779,79.70622343,26.44526445,16.49756661,,13.36851363,0.103172556,6.9,16.4,
51135,Virginia,Nottoway,73.69784681,4.330967431,5.556938052,82.5,39.2309507,24.2,21.76883293,28.9,40.9,6,115.68867,50756,71.30193906,100,37.86875763,0.565589048,5.071019988,54.47008163,11219,32.37503238,23.92032358,70.84025854,23.77572747,,29.23076923,10.502693,0.376952073,7.7,21.4,
51137,Virginia,Orange,76.54612852,3.636084006,5.341065391,86,52.92891873,13.2,9.951285648,21.6,36,17,68.43726000000001,81390,78.32832483,56.68340045,12.45294938,1.339791003,6.796346503,76.01273986,26211,21.52060696,35.73534404,88.35697813,19.23637424,11.372806,16,11.41831239,0.665509259,7.7,16.4,14.12726211
51139,Virginia,Page,74.56465989,4.112375759,5.471724785,95,41.19175794,17.7,,26.1,35.2,6,50.52632,60061,71.6500909,79.99915644,2.248421053,0.509473684,2.627368421,92.88842105,17364,18.59784265,34.89573155,76.87947813,23.23462415,15.08725462,35,10.35581519,0.549962301,6.9,20.1,
51141,Virginia,Patrick,73.46676484,3.969570084,5.450187921,97.5,57.98449612,21.7,3.140447861,23.5,35.3,4,51.01173,49319,78.93045379,100,5.259876438,0.37975401,3.338434507,89.51425495,13562,22.57900636,49.33305504,75.15104769,21.89531304,23.85252326,,10.34482759,0.462057935,7.3,18.9,
51143,Virginia,Pittsylvania,75.26149231,4.269525702,5.04706736,90,55.29299818,18.9,5.924458598,27.8,36.8,5,23.35201,49659,77.3920856,89.06133783,21.00346944,0.557112357,3.120829997,73.7523352,44958,24.63262204,27.75064382,74.05970515,19.18976546,21.49591743,11.07142857,11.82980347,0.551220437,8.1,20.1,9.890539484
51145,Virginia,Powhatan,78.6604097,3.291767875,5.122874751,91,65.83875681,7.2,1.093095875,19.1,33.4,17,53.987109999999994,105231,91.17089465,98.09118782,8.352122964,0.685953825,2.664422497,86.25234209,22976,14.13255361,35.18958388,91.10770064,4.963271789,12.10279306,11.53846154,6.111645813,0.1781432,8,14.2,
51147,Virginia,Prince Edward,75.00028667,4.23095944,5.433129873,67.5,61.76145165,24.6,5.127412293,27.4,37.4,14,300.99877,57400,60.94929881,66.73531969,31.24914489,1.267843298,4.063483377,61.10275003,12652,25.08041408,20.66725716,75.09439051,8.090946334,13.22832979,,18.05273834,1.381347052,7.5,19.9,
51149,Virginia,Prince George,79.40089953,3.852831493,5.304802785,88,63.5060555,11.9,6.94816045,23.8,37.5,7,122.87291,76571,70.908807,49.05603348,31.14712292,2.098112858,9.938795382,52.91417443,27630,9.944128729,23.34909397,88.45252967,11.26726436,11.74608038,,10.79473013,0.409522635,8.1,17,
51153,Virginia,Prince William,81.00059897,3.161972248,4.145787793,89,71.83160173,8.8,3.815600141,21,34.2,214,163.0581,119051,74.14556796,4.594943219,20.31367121,10.74376262,25.77714435,39.14277441,308899,6.670124116,18.03766937,96.15767678,12.86666429,7.495636015,11.79310345,14.2827414,5.736865246,8.5,11.6,3.759832576
51155,Virginia,Pulaski,73.82602243,3.987623212,5.409726158,93,56.99368313,19.4,3.903199645,23.6,36.2,11,59.336619999999996,57731,70.26634383,42.59171598,4.957574319,0.759508693,2.112383552,90.14418798,25456,14.25540657,44.23865279,77.95226565,28.23153409,15.88506275,37.77777778,11.66041596,0.108419553,7.1,18.5,
51157,Virginia,Rappahannock,78.43361121,3.411692865,5.083209196,,52.74064171,15.2,5.12908119,20.4,32.6,2,106.63823,85575,74.56606447,100,3.852306052,1.239669422,5.038656358,87.41668888,5568,,54.45387303,86.7162593,,,,14.33628319,0.449059781,6.8,15.1,
51159,Virginia,Richmond,76.72236742,4.33314088,5.451388156,92.5,41.16575592,19.9,2.376061001,28.8,41,1,187.22467,60180,68.59562456,100,28.8876652,0.63876652,7.863436123,59.88986784,6785,20.71053051,,78.72265349,14.57321305,,17.14285714,10.54421769,0.980276367,7,20.6,
51161,Virginia,Roanoke,78.50222985,3.3678499,5.043860378,94,72.89132993,8.7,3.397937262,20.2,31.6,120,310.58464,77010,75.70231893,19.41008367,6.679117568,3.725983862,3.929256867,83.58854242,69897,8.162932125,26.64012002,87.92777608,8.450561684,13.1054119,20.76086957,8.892376095,0.776151762,6.3,14.3,5.153963748
51163,Virginia,Rockbridge,77.52082369,3.721867848,5.25145675,86,64.69066609,17,7.295140726,22.3,33.3,21,4.426150000000001,64393,78.20239112,90.0794702,3.421413712,0.805559244,2.208648697,91.21851901,17030,22.13396742,14.71215666,82.72843723,7.575757576,21.16738107,16.31578947,10.21505376,0.110253583,6.8,16.9,
51165,Virginia,Rockingham,79.03420176,3.637195666,5.19500342,,58.61042693,11.5,2.778304667,22.3,31.8,21,29.275029999999997,72921,75.24041503,59.28101532,2.525849854,1.249458412,8.509666616,86.08264927,57436,14.59992682,12.86752879,83.5663672,13.67617682,11.45897079,8.915662651,10.03034659,1.933227265,7.1,16.2,6.043513296
51167,Virginia,Russell,73.8145471,4.584093493,5.777189755,89,54.44777171,23.8,0.983532229,29.3,37,9,102.16913,49537,74.84192374,99.38714557,0.927381327,0.259352405,1.469663628,96.26296762,19105,21.82708688,13.96240306,65.50105384,32.51864126,17.34814714,14.7826087,10.47835991,0,7.1,21.6,17.78487753
51169,Virginia,Scott,73.90072223,4.463895235,5.858387956,88,55.33630384,22.7,5.701965112,28,35.8,7,144.34718,43743,78.53586784,98.30830553,0.935928478,0.246787111,1.671633451,95.85583908,16157,17.75509802,27.85773981,71.15863318,23.2133542,30.55187802,17.89473684,10.27554535,0,7.6,22.2,27.27272727
51171,Virginia,Shenandoah,76.87930889,3.952086567,5.379276849,95,53.61809045,14.8,3.198841958,24.7,35.5,15,73.38552,65289,72.76821343,69.61933644,2.701921366,1.234210995,8.706191069,85.22949653,31621,14.73670422,23.43637779,81.78656938,20.2991453,14.61220576,43.57142857,13.65450399,1.518194425,7.1,17.8,9.257602862
51173,Virginia,Smyth,72.22002532,4.591881353,6.156257604,92,48.70982345,23.5,1.149394083,27.7,37.2,15,203.74206,45484,68.4451822,75.56711409,2.023837821,0.61801759,2.458487555,93.53458522,21792,14.53140894,28.99488129,77.70927199,27.49662618,26.52537484,10,10.71287909,0.681395104,6.8,21.8,
51175,Virginia,Southampton,76.1861283,3.710660478,5.308244745,90,56.42895732,20.1,5.098048104,23.1,36.5,4,,61246,76.96243239,98.24405423,33.0470667,0.552085657,2.581976355,61.49899621,13236,20.83750751,,81.83014179,10.70791196,16.92830299,,10.57401813,0.099148489,7.5,17,
51177,Virginia,Spotsylvania,78.79555475,3.442324659,4.926005096,87,67.60590536,10.1,4.979304165,21.4,34,69,115.21051000000001,96322,78.90553904,32.04053359,17.57198953,3.118864529,12.65202334,62.92811955,94502,12.55147158,36.09504231,93.83607353,12.49765669,8.022041653,10.1242236,11.54734411,1.604008137,8,13.7,4.329062711
51179,Virginia,Stafford,79.42592508,3.121807382,4.558000306,93,72.51053526,6.7,4.32664864,19.1,36.3,42,104.66397,134456,79.58976805,18.64688677,20.50556984,4.191455503,16.26943322,54.38303342,101532,6.26495045,23.80410918,95.88376762,9.04733834,8.864369926,12.61538462,9.561877076,2.581029165,8.1,11.8,7.104127476
51181,Virginia,Surry,76.82421962,4.0369675,5.379308585,,58.2781457,19.2,7.827675045,26,38.8,1,61.2839,65339,77.92349727,100,38.37904091,0.566876053,3.048873908,55.27807569,4969,30.69906149,,74.13479053,16.36363636,,,11.4490161,0.224971879,7.2,18.8,
51183,Virginia,Sussex,72.35033155,4.178974986,5.30451243,77.5,46.29926306,30,13.79564693,29.3,42.1,3,18.72659,49340,69.44294213,100,52.88389513,0.524344569,4.026217229,40.87078652,7976,41.94417612,,78.66414278,20.24035421,,,12.00527705,0.240015361,7.6,20.4,
51185,Virginia,Tazewell,71.23462507,4.545036057,6.157920461,86,50.04412089,23.7,8.283009361,26.4,37.1,19,263.67996999999997,48360,72.63291139,52.29414529,3.397704729,0.881444464,1.275708797,92.92584315,29102,15.27523191,61.13226875,83.71518987,28.21437774,17.73407751,17.2972973,11.42333537,0.109249818,7,21,11.18314425
51187,Virginia,Warren,75.06557909,3.843629812,5.292773099,92,57.78696594,11.6,5.405418892,23.1,35.9,24,106.17761,79949,74.17131605,60.24013554,4.652509653,1.433397683,7.507239382,82.99710425,28642,12.88622892,48.53410549,90.25927142,16.85923131,13.42415353,33.33333333,13.25136612,0.70526616,7.2,17,
51191,Virginia,Washington,74.95591587,3.842513519,5.681714581,91,61.03613044,14.2,1.497676645,24.1,32.8,49,233.51496,61686,75.17376096,69.17400575,1.467808295,0.613440083,1.777308277,94.94977575,40259,12.14797287,19.24629043,79.11234271,21.79735846,18.15763047,11.27659575,7.645329111,0.213980029,7.2,18.2,9.509981851
51193,Virginia,Westmoreland,76.04465096,4.210698482,5.518978676,89.26751592,43.25082929,22.7,,27.3,39.4,4,10.688329999999999,61545,76.57048008,78.48676733,24.45489525,0.93522873,7.102394186,63.95895682,13910,23.86141291,36.43319064,79.54545455,23.5645536,13.25893597,34.66666667,15.42351454,1.682391725,7.4,20.1,
51195,Virginia,Wise,71.14933015,4.496824193,6.020113587,95,56.39764832,26.6,8.534806817,27.9,38.3,8,129.86646,45220,70.32450897,65.38610573,5.987973236,0.496880382,1.428531097,90.63549872,25997,12.41628415,40.82151021,73.02163393,33.58758196,16.05703459,22.35294118,13.54341267,0.281183871,7.3,21.6,
51197,Virginia,Wythe,73.67691861,4.131653741,5.675037594,91,60.54594509,18.2,4.43861755,24.3,34.5,12,252.57017,47257,75.28976175,74.71191234,2.611077514,0.618974779,1.639927431,93.33357049,20773,18.38481911,21.05706465,80.02253703,26.5768295,18.16682737,28.84615385,8.793868495,0.568794379,6.9,19.3,
51199,Virginia,York,81.10792759,2.946805073,4.560496084,96,83.11783637,5.9,2.844307854,17.1,34,82,109.33404,111346,72.15008888,7.064030266,13.86159432,6.466127472,7.678613981,67.88803073,47433,7.294827759,17.27496953,92.39894891,6.259088323,8.721462647,15.06493507,11.99294533,1.389097688,7.4,11.3,6.584659913